table,field,fieldId,type,records,populated,pct,classification,evidence
Automations,Name,fldMhjKTBKMIoeAyV,singleLineText,49,49,100.0,REPO REFERENCED,"repo hits: tools/airtable/_audit_49_automations_code.py, tools/airtable/_audit_49_deep.py, tools/airtable/_preview/_parse_057.py"
Automations,Status,fldFyBz0VojhWkT3B,singleSelect,49,49,100.0,REPO REFERENCED,"repo hits: tools/airtable/_audit_49_automations_code.py, tools/airtable/_audit_49_deep.py, tools/airtable/_preview/_parse_057.py"
Automations,Automation Code,fld96jSyTpKQUvsNL,multilineText,49,49,100.0,HAS DEPENDENTS,referenced by 2 field(s)
Automations,Version Number - AI Agent,fldaL4V9wSdFFNOR0,aiText,49,49,100.0,ACTIVE / KEEP,100.00% populated
Automations,Sections,fldmUHrmVMk6E0PSB,singleSelect,49,27,55.1,REPO REFERENCED,"repo hits: tools/airtable/_foundation_build_docs.py, tools/airtable/_regenerate_radio_media_kits.py, tools/testing/ops_automation_inventory_audit.mjs"
Automations,Trigger type,fldWiwBZBqOGzTtl4,singleSelect,49,0,0.0,REPO REFERENCED,"repo hits: tools/airtable/export_airtable_schema.py, tools/airtable/_foundation_build_docs.py, tools/testing/ops_automation_inventory_audit.mjs"
Automations,Trigger table,fldc8kAnPGD8M6kjC,singleSelect,49,46,93.88,REPO REFERENCED,"repo hits: airtable/automations/shooting-challenge/114-video-review-and-xp-create-or-update-video-xp-event.js, tools/airtable/export_airtable_schema.py, tools/airtable/_foundation_build_docs.py"
Automations,Conditions,fldsbf7qHjvi8GQ2e,multilineText,49,48,97.96,REPO REFERENCED,"repo hits: airtable/automations/shooting-challenge/101-zoom-attendance-xp-award-meeting-xp.js, airtable/automations/shooting-challenge/114-video-review-and-xp-create-or-update-video-xp-event.js, airtable/automations/shooting-challenge/_design-alternatives/stage17-modular-reference/117-zoom-recording-credit-orchestrator.js"
Automations,Outputs Written back to Airtable,fldTad8mRstUYnncT,aiText,49,49,100.0,REPO REFERENCED,"repo hits: tools/airtable/_foundation_build_docs.py, tools/airtable/_preview/prod_116_automation_doc_probe.py"
Automations,Trigger view,fldlYrBFPOqYsAoX0,singleLineText,49,4,8.16,REPO REFERENCED,"repo hits: tools/airtable/export_airtable_schema.py, tools/airtable/_foundation_build_docs.py"
Automations,Action summary,fldX7u2vkEBcc7oAy,multilineText,49,6,12.24,REPO REFERENCED,"repo hits: tools/airtable/export_airtable_schema.py, tools/airtable/_foundation_build_docs.py, tools/airtable/_preview/c013_prod_070b_verify_probe.py"
Automations,Trigger field(s),fldu6HK4BGFdLyT5L,singleLineText,49,5,10.2,REPO REFERENCED,"repo hits: tools/airtable/export_airtable_schema.py, tools/airtable/_foundation_build_docs.py"
Automations,Script step present?,fld67lFleVscBhCB0,singleSelect,49,3,6.12,REPO REFERENCED,"repo hits: tools/airtable/export_airtable_schema.py, tools/airtable/_foundation_build_docs.py, tools/airtable/_preview/c013_prod_070b_verify_probe.py"
Automations,Script location / notes,fldCYHvMjP9A3djcL,multilineText,49,24,48.98,REPO REFERENCED,"repo hits: tools/airtable/export_airtable_schema.py, tools/airtable/_foundation_build_docs.py, tools/airtable/_preview/c013_prod_070b_verify_probe.py"
Automations,Related external systems,fld34GFcqWe2Exhtg,multilineText,49,1,2.04,REPO REFERENCED,"repo hits: tools/airtable/export_airtable_schema.py, tools/airtable/_foundation_build_docs.py, tools/airtable/_preview/c013_prod_070b_verify_probe.py"
Enrollments,Full Athlete Name - Backward,fldnRDkfubz7p3gi4,formula,28,28,100.0,HAS DEPENDENTS,referenced by 4 field(s)
Enrollments,Record Id,fldnsyxEUbrJjyzXU,formula,28,28,100.0,HAS DEPENDENTS,referenced by 6 field(s)
Enrollments,Lifetime XP Total,fldT1LVV8xuBG0uyu,formula,28,28,100.0,HAS DEPENDENTS,referenced by 2 field(s)
Enrollments,Lifetime XP Manual Adjustments,fld1XFo2mJgqUIlNc,number,28,2,7.14,HAS DEPENDENTS,referenced by 1 field(s)
Enrollments,Run Shot Milestone Check?,fldwsuKGoypFBn2w4,checkbox,28,5,17.86,REPO REFERENCED,"repo hits: airtable/automations/shooting-challenge/010-submission-intake-create-xp-event.js, airtable/automations/shooting-challenge/064-homework-review-and-xp-prepare-homework-xp-award.js, airtable/automations/shooting-challenge/066-achievements-and-milestones-create-shot-milestone-unlocks.js"
Enrollments,Progression Last Queued Signature,fldw2p0bfT54vk6ag,singleLineText,28,13,46.43,REPO REFERENCED,"repo hits: airtable/automations/shooting-challenge/041-levels-and-progression-mark-enrollment-for-level-recalculation.js, tests/deploy-checklists/pkg-006r-pkg-036-operator-packet.test.js"
Enrollments,Full Athlete Name,fldVLV5YMCB2CHhai,formula,28,28,100.0,HAS DEPENDENTS,referenced by 2 field(s)
Enrollments,School,fldfYnPg1lBV9Jlhi,multipleRecordLinks,28,28,100.0,HAS DEPENDENTS,referenced by 3 field(s)
Enrollments,Enrollment Key,fldHlwaNU793Uojti,formula,28,25,89.29,HAS DEPENDENTS,referenced by 1 field(s)
Enrollments,Athlete,fld7TFNgzmESOhTOu,multipleRecordLinks,28,25,89.29,HAS DEPENDENTS,referenced by 4 field(s)
Enrollments,Gender,fldL8nWI03ESXQbOj,singleSelect,28,26,92.86,REPO REFERENCED,repo hits: tools/airtable/_preview/c025_stage17_prod_schema_manifest_source.json
Enrollments,Grade,fldqzUx0ZwsciCh95,singleSelect,28,28,100.0,HAS DEPENDENTS,referenced by 2 field(s)
Enrollments,Grade Band,fldmM5UET9wsL1lwy,multipleRecordLinks,28,25,89.29,HAS DEPENDENTS,referenced by 3 field(s)
Enrollments,Grade Band Label,fldpOdEjLc64L3BZ5,multipleLookupValues,28,25,89.29,REPO REFERENCED,"repo hits: tools/airtable/audit_awards_catalog_and_connections.py, tools/airtable/audit_final_awards.py, tools/airtable/audit_newcomer_brothers.py"
Enrollments,Last Grade Used for Grade Band,fldFKOBjkCckjyQy1,singleSelect,28,23,82.14,HAS DEPENDENTS,referenced by 1 field(s)
Enrollments,School Mascot Lookup,fldQiniXVzYd6Wfyr,multipleLookupValues,28,7,25.0,REPO REFERENCED,"repo hits: airtable/automations/shooting-challenge/075-email-notifications-and-external-handoffs-build-challenge-welcome-email.js, tools/airtable/_preview/c025_stage17_prod_schema_manifest_source.json"
Enrollments,Athlete First Name,fld4wGsfJKp7x4Bjd,singleLineText,28,28,100.0,HAS DEPENDENTS,referenced by 7 field(s)
Enrollments,Athlete Last Name,fldpXNOzRflbkgVwV,singleLineText,28,28,100.0,HAS DEPENDENTS,referenced by 6 field(s)
Enrollments,Athlete Cell Number,fld71CIyihF3TAHWq,phoneNumber,28,26,92.86,REPO REFERENCED,repo hits: tools/airtable/_preview/c025_stage17_prod_schema_manifest_source.json
Enrollments,School Name Lookup,fld9UrsPNK8cH6Irw,multipleLookupValues,28,28,100.0,REPO REFERENCED,"repo hits: airtable/automations/shooting-challenge/075-email-notifications-and-external-handoffs-build-challenge-welcome-email.js, airtable/automations/shooting-challenge/078A-email-notifications-and-external-handoffs-enrollment-create-welcome-email-handoff.js, web/lib/airtable/public-rest-fixtures.ts"
Enrollments,State,fldt3CxIXTJLod4It,multipleLookupValues,28,28,100.0,REPO REFERENCED,repo hits: tools/airtable/_preview/c025_stage17_prod_schema_manifest_source.json
Enrollments,Parent First Name,fldb0m8iUTNRkHkZg,singleLineText,28,28,100.0,HAS DEPENDENTS,referenced by 1 field(s)
Enrollments,Parent Last Name,fldIvtRxvN4Bsixeh,singleLineText,28,27,96.43,HAS DEPENDENTS,referenced by 1 field(s)
Enrollments,Parent Email,fldu2bZt8776rNYZ0,email,28,28,100.0,HAS DEPENDENTS,referenced by 1 field(s)
Enrollments,Athlete Folder Name,fld3YquzsXawXKcyB,formula,28,28,100.0,REPO REFERENCED,"repo hits: tools/airtable/_preview/c025_post_verify.json, tools/airtable/_preview/c025_stage17_prod_schema_manifest_source.json"
Enrollments,School Year,fldKReGFHZ34Skb6D,singleSelect,28,28,100.0,HAS DEPENDENTS,referenced by 5 field(s)
Enrollments,Athlete Email,fldY4U6QlqLc0GMLA,email,28,27,96.43,HAS DEPENDENTS,referenced by 1 field(s)
Enrollments,Athlete Email - Cleaned,fldCAx18QSO4sIsfP,formula,28,27,96.43,HAS DEPENDENTS,referenced by 2 field(s)
Enrollments,Parent Email - Cleaned,fldDaqe8xOpDoQo7S,formula,28,28,100.0,HAS DEPENDENTS,referenced by 3 field(s)
Enrollments,Parent Cell Number,fld31gfPJGHT0KJ67,phoneNumber,28,26,92.86,HAS DEPENDENTS,referenced by 1 field(s)
Enrollments,Active?,fldEtpoueSb3dDSit,checkbox,28,24,85.71,HAS DEPENDENTS,referenced by 3 field(s)
Enrollments,Total Makes Submitted,fldrouKwocjULrb3b,rollup,28,28,100.0,REPO REFERENCED,"repo hits: airtable/automations/shooting-challenge/075-email-notifications-and-external-handoffs-build-challenge-welcome-email.js, web/lib/airtable/queries.ts, web/lib/data/public-athlete-profile.ts"
Enrollments,Total 2PT Attempted,fldFKG6KEwNNnXhoP,rollup,28,28,100.0,HAS DEPENDENTS,referenced by 2 field(s)
Enrollments,Total 2PT Made,fldyDVsRklqz49MFV,rollup,28,28,100.0,HAS DEPENDENTS,referenced by 2 field(s)
Enrollments,Total 3PT Attempted,fldGkziFZj70m5IVT,rollup,28,28,100.0,HAS DEPENDENTS,referenced by 2 field(s)
Enrollments,Total 3PT Made,fldgrAv9Kkyimrl5K,rollup,28,28,100.0,HAS DEPENDENTS,referenced by 2 field(s)
Enrollments,Total FT Attempted,fldZcOxEUZ8T0PxM4,rollup,28,28,100.0,HAS DEPENDENTS,referenced by 1 field(s)
Enrollments,Total FT Made,fldNH607ODnKOEhFb,rollup,28,28,100.0,HAS DEPENDENTS,referenced by 1 field(s)
Enrollments,Overall FG Attempted,fldZfGABZk1rGsTTX,formula,28,28,100.0,HAS DEPENDENTS,referenced by 1 field(s)
Enrollments,Overall FG Made,fldaQuAskboDGwrej,formula,28,28,100.0,HAS DEPENDENTS,referenced by 1 field(s)
Enrollments,Overall FG %,fldUJnA80TrznELHE,formula,28,0,0.0,REPO REFERENCED,"repo hits: airtable/automations/shooting-challenge/075-email-notifications-and-external-handoffs-build-challenge-welcome-email.js, web/lib/airtable/queries.ts, web/lib/data/athlete-profile.test.ts"
Enrollments,Overall 2PT %,fldFUdlbjoDuXWc2Z,formula,28,0,0.0,REPO REFERENCED,"repo hits: airtable/automations/shooting-challenge/075-email-notifications-and-external-handoffs-build-challenge-welcome-email.js, web/lib/airtable/queries.ts, web/lib/data/public-athlete-profile.ts"
Enrollments,Overall 3PT %,fldrB5lj2fIEv3B7C,formula,28,0,0.0,REPO REFERENCED,"repo hits: airtable/automations/shooting-challenge/075-email-notifications-and-external-handoffs-build-challenge-welcome-email.js, web/lib/airtable/queries.ts, web/lib/data/public-athlete-profile.ts"
Enrollments,Overall FT %,fldyOQF4g0a0qtIlN,formula,28,0,0.0,REPO REFERENCED,"repo hits: airtable/automations/shooting-challenge/075-email-notifications-and-external-handoffs-build-challenge-welcome-email.js, web/lib/airtable/queries.ts, web/lib/data/public-athlete-profile.ts"
Enrollments,Athlete ID Lookup,fldyO2uatMRG0YT6Q,multipleLookupValues,28,25,89.29,HAS DEPENDENTS,referenced by 1 field(s)
Enrollments,Athlete Match Key Lookup,fldzrnixaUB5FDc48,multipleLookupValues,28,25,89.29,REPO REFERENCED,repo hits: tools/airtable/_preview/c025_stage17_prod_schema_manifest_source.json
Enrollments,Program Instance,fldVMwSfH8r9S0afA,multipleRecordLinks,28,28,100.0,HAS DEPENDENTS,referenced by 7 field(s)
Enrollments,Mailing Address Submitted,fldoFf0Sm8ruGgWrz,multilineText,28,26,92.86,REPO REFERENCED,repo hits: tools/airtable/_preview/c025_stage17_prod_schema_manifest_source.json
Enrollments,Physical Address Submitted,fld8luvFTA4599iWl,multilineText,28,26,92.86,REPO REFERENCED,repo hits: tools/airtable/_preview/c025_stage17_prod_schema_manifest_source.json
Enrollments,City Submitted,flddlRLfuQ393fWrt,singleLineText,28,26,92.86,REPO REFERENCED,"repo hits: tools/airtable/_agent1_export.py, tools/airtable/_preview/c025_stage17_prod_schema_manifest_source.json"
Enrollments,Zip Code Submitted,fldfgRQ1jKGHVCl5o,singleLineText,28,26,92.86,REPO REFERENCED,repo hits: tools/airtable/_preview/c025_stage17_prod_schema_manifest_source.json
Enrollments,Registration Source,fldtN6rAuPpv5tqFz,singleSelect,28,28,100.0,REPO REFERENCED,repo hits: tools/airtable/_preview/c025_stage17_prod_schema_manifest_source.json
Enrollments,Parent Full Name Submitted,fldBJ2pwawWFHpstQ,formula,28,28,100.0,REPO REFERENCED,"repo hits: tools/enrollment-season/enrollment_validator.py, tools/airtable/_preview/c025_stage17_prod_schema_manifest_source.json"
Enrollments,Registered At,fldKJI7ikaZaxB7oo,createdTime,28,28,100.0,REPO REFERENCED,"repo hits: airtable/automations/shooting-challenge/075-email-notifications-and-external-handoffs-build-challenge-welcome-email.js, tools/airtable/_preview/c025_stage17_prod_schema_manifest_source.json"
Enrollments,Athlete Headshot,fldyR7IYFX9CY34XK,multipleAttachments,28,26,92.86,REPO REFERENCED,"repo hits: web/lib/airtable/queries.ts, web/lib/data/leaderboard.test.ts, web/lib/data/leaderboard.ts"
Enrollments,Welcome Email To,fldj7JuUQiiRUqo5j,formula,28,28,100.0,REPO REFERENCED,"repo hits: tools/testing/ops_email_readiness_probe.mjs, tools/airtable/_preview/c025_stage17_prod_schema_manifest_source.json"
Enrollments,Weekly Athlete Summary,fldGMZrlmjEhzueQ5,multipleRecordLinks,28,10,35.71,REPO REFERENCED,"repo hits: airtable/automations/shooting-challenge/010-submission-intake-create-xp-event.js, airtable/automations/shooting-challenge/020-homework-link-or-create-homework-completion.js, airtable/automations/shooting-challenge/030-weekly-summary-and-goal-logic-copy-enrollment-grade-band-to-weekly-summary.js"
Enrollments,Athlete Achievement Unlocks,fldelG3oIUxOwE7dv,multipleRecordLinks,28,7,25.0,REPO REFERENCED,"repo hits: airtable/automations/shooting-challenge/058-achievements-and-milestones-create-perfect-week-unlock.js, airtable/automations/shooting-challenge/059-achievements-and-milestones-create-xp-event-from-achievement-unlock.js, airtable/automations/shooting-challenge/066-achievements-and-milestones-create-shot-milestone-unlocks.js"
Enrollments,Price Paid to Stripe,fldNPYtLP1EzqRvbx,number,28,26,92.86,REPO REFERENCED,repo hits: tools/airtable/_preview/c025_stage17_prod_schema_manifest_source.json
Enrollments,Athlete Match Status,fldk9rjaC9lvauCjr,singleSelect,28,28,100.0,REPO REFERENCED,"repo hits: airtable/automations/shooting-challenge/001-enrollment-intake-and-setup-find-or-create-athlete-and-link-enrollment.js, tools/airtable/_preview/c025_stage17_prod_schema_manifest_source.json, tests/enrollment-intake/automation-001-unload-compat.test.js"
Enrollments,Grade Band Status,fldfZQwSek9WL8Pec,singleSelect,28,26,92.86,REPO REFERENCED,"repo hits: airtable/automations/shooting-challenge/002-enrollment-intake-and-setup-assign-grade-band-initial.js, airtable/automations/shooting-challenge/003-enrollment-intake-and-setup-assign-grade-band-if-grade-changes.js, tools/testing/agent2_foundation_probe.mjs"
Enrollments,Grade Band Refresh Needed,fldR81v7KJasuSzVz,formula,28,28,100.0,REPO REFERENCED,"repo hits: airtable/automations/shooting-challenge/002-enrollment-intake-and-setup-assign-grade-band-initial.js, airtable/automations/shooting-challenge/003-enrollment-intake-and-setup-assign-grade-band-if-grade-changes.js, tools/testing/agent2_retrigger_002_grade_band.mjs"
Enrollments,XP Events,fldrZqLsT6r8MxrEk,multipleRecordLinks,28,10,35.71,HAS DEPENDENTS,referenced by 1 field(s)
Enrollments,Current Level,fldqmwWHoaWM7dSFK,multipleRecordLinks,28,24,85.71,HAS DEPENDENTS,referenced by 3 field(s)
Enrollments,Next Level,flddnwaoAHRVSkIHC,multipleRecordLinks,28,24,85.71,HAS DEPENDENTS,referenced by 1 field(s)
Enrollments,Level Status,fldE6vqsroUqVXqCP,singleSelect,28,24,85.71,REPO REFERENCED,"repo hits: airtable/automations/shooting-challenge/041-levels-and-progression-mark-enrollment-for-level-recalculation.js, airtable/automations/shooting-challenge/042-levels-and-progression-assign-current-and-next-level-with-gate-blocking.js, airtable/automations/shooting-challenge/115-engineering-test-framework-run-testing-scenario-daily-submission.js"
Enrollments,Level Recalc Needed?,fldrdNv7jnty2BVVa,checkbox,28,0,0.0,REPO REFERENCED,"repo hits: airtable/automations/shooting-challenge/001-enrollment-intake-and-setup-find-or-create-athlete-and-link-enrollment.js, airtable/automations/shooting-challenge/041-levels-and-progression-mark-enrollment-for-level-recalculation.js, airtable/automations/shooting-challenge/042-levels-and-progression-assign-current-and-next-level-with-gate-blocking.js"
Enrollments,Current Level - Public Facing Display,fldYmEdB2mWoQqYNQ,formula,28,24,85.71,REPO REFERENCED,"repo hits: web/lib/airtable/leaderboard-queries.test.ts, web/lib/airtable/public-rest-fixtures.ts, web/lib/airtable/queries.ts"
Enrollments,Lifetime XP Earned,fldcmufCfMn9a87Gz,rollup,28,28,100.0,HAS DEPENDENTS,referenced by 1 field(s)
Enrollments,Total Shots Counted,fldaD4H9PBE8VVWG3,rollup,28,28,100.0,HAS DEPENDENTS,referenced by 1 field(s)
Enrollments,Level Sort Order - For Softr,fldXgqEqU7PfhSUQE,multipleLookupValues,28,24,85.71,REPO REFERENCED,"repo hits: web/lib/airtable/leaderboard-queries.test.ts, web/lib/airtable/public-rest-contract.test.ts, web/lib/airtable/public-rest-fixtures.ts"
Enrollments,Current Level XP Required,fld0d2rNmtrCpoBqe,multipleLookupValues,28,24,85.71,HAS DEPENDENTS,referenced by 1 field(s)
Enrollments,Current Level XP Ceiling,fld7TLlcyz4jXDcaX,formula,28,24,85.71,REPO REFERENCED,repo hits: tools/airtable/_preview/c025_stage17_prod_schema_manifest_source.json
Enrollments,Next Level XP Required,fldUkTILyyvuOYLkg,multipleLookupValues,28,24,85.71,HAS DEPENDENTS,referenced by 2 field(s)
Enrollments,XP Progress in Current Level,fldBEEHG9ngzgvjaH,formula,28,28,100.0,REPO REFERENCED,"repo hits: web/lib/airtable/queries.ts, web/lib/data/public-athlete-profile.ts, tools/airtable/_preview/c025_stage17_prod_schema_manifest_source.json"
Enrollments,XP Needed for Next Level,fldGiiLSqTWjNRG6A,formula,28,28,100.0,REPO REFERENCED,"repo hits: web/lib/airtable/queries.ts, web/lib/data/public-athlete-profile.ts, tools/airtable/check_enrollment.py"
Enrollments,Homework Completions,fldUC0bYq2Bws0q5s,multipleRecordLinks,28,7,25.0,HAS DEPENDENTS,referenced by 1 field(s)
Enrollments,Submission Assets - Enrollment,fldLxLveNnVN93pia,multipleRecordLinks,28,8,28.57,HAS DEPENDENTS,referenced by 1 field(s)
Enrollments,Program Instance Name Only,flde31eImaWCUgNPb,multipleLookupValues,28,28,100.0,HAS DEPENDENTS,referenced by 1 field(s)
Enrollments,Zoom Meetings,fldrM6ixKNS1X45to,multipleRecordLinks,28,0,0.0,HAS DEPENDENTS,referenced by 1 field(s)
Enrollments,Video Feedback,fldGZhsRVOK2XYPh4,multipleRecordLinks,28,8,28.57,REPO REFERENCED,"repo hits: airtable/automations/shooting-challenge/009-submission-intake-create-submission-assets.js, airtable/automations/shooting-challenge/013-submission-intake-create-or-link-video-feedback.js, airtable/automations/shooting-challenge/020-homework-link-or-create-homework-completion.js"
Enrollments,Registratioin Referrer,fldIk0ptYxJ0u94VJ,singleLineText,28,2,7.14,REPO REFERENCED,repo hits: tools/airtable/_preview/c025_stage17_prod_schema_manifest_source.json
Enrollments,Award Recipients,fldMjQZITCXNi7HQr,multipleRecordLinks,28,4,14.29,HAS DEPENDENTS,referenced by 1 field(s)
Enrollments,Longest Streak Days,fld3hgGT4u1wsiBBE,rollup,28,28,100.0,HAS DEPENDENTS,referenced by 3 field(s)
Enrollments,Total Submissions,fldewNyKEMDMt9Ger,count,28,28,100.0,HAS DEPENDENTS,referenced by 3 field(s)
Enrollments,Total Homework Completions,fldHEMvcX18c99Adk,count,28,28,100.0,HAS DEPENDENTS,referenced by 3 field(s)
Enrollments,Total Video Submissions,fldHI9QxnerBFkKzK,count,28,28,100.0,HAS DEPENDENTS,referenced by 3 field(s)
Enrollments,Total Zoom Attendances,fldvEHpfO4ModNQoJ,count,28,28,100.0,HAS DEPENDENTS,referenced by 3 field(s)
Enrollments,Level Gate Rule,fldol7GytBoDq5CIA,multipleRecordLinks,28,24,85.71,HAS DEPENDENTS,referenced by 10 field(s)
Enrollments,Gate Minimum: Submissions,fld7FaC0osGX9CxGp,multipleLookupValues,28,24,85.71,HAS DEPENDENTS,referenced by 3 field(s)
Enrollments,Gate Minimum: Homework,fldXhkxJ9Po3E5CTb,multipleLookupValues,28,24,85.71,HAS DEPENDENTS,referenced by 3 field(s)
Enrollments,Gate Minimum: Videos,fldeWeWXCX06g3IB0,multipleLookupValues,28,24,85.71,HAS DEPENDENTS,referenced by 3 field(s)
Enrollments,Gate Minimum: Zoom Meetings,fldkyKW5vYiQ0Sm4b,multipleLookupValues,28,24,85.71,HAS DEPENDENTS,referenced by 3 field(s)
Enrollments,Gate Minimum: Streak Days,fldGGjiFmuAwxTp64,multipleLookupValues,28,24,85.71,HAS DEPENDENTS,referenced by 3 field(s)
Enrollments,Meets Gate: Submissions,fldPjhNtkxEqM4QDk,formula,28,28,100.0,HAS DEPENDENTS,referenced by 1 field(s)
Enrollments,Meets Gate: Homework,flduFi1oyDDsOBZLE,formula,28,28,100.0,HAS DEPENDENTS,referenced by 1 field(s)
Enrollments,Meets Gate: Videos,fldD3lBPfDckVaqzZ,formula,28,28,100.0,HAS DEPENDENTS,referenced by 1 field(s)
Enrollments,Meets Gate: Zoom Meetings,fldlgsGcxW2109SzA,formula,28,28,100.0,HAS DEPENDENTS,referenced by 1 field(s)
Enrollments,Meets Gate: Streak,fld3IU5ctu8CxB8mr,formula,28,28,100.0,HAS DEPENDENTS,referenced by 1 field(s)
Enrollments,Gate Enabled?,fld0Z5sBc9m8qmFVW,multipleLookupValues,28,24,85.71,HAS DEPENDENTS,referenced by 1 field(s)
Enrollments,Gate-Test Eligible Level,fld7gBWq1Vh8UbvOH,multipleLookupValues,28,24,85.71,REPO REFERENCED,repo hits: tools/airtable/_preview/c025_stage17_prod_schema_manifest_source.json
Enrollments,Gate Debug Summary,fldIZHMleMFonQn1R,formula,28,28,100.0,HAS DEPENDENTS,referenced by 1 field(s)
Enrollments,Submissions,fldUDk0RrT58rKgQ5,multipleRecordLinks,28,10,35.71,HAS DEPENDENTS,referenced by 10 field(s)
Enrollments,Total Shots Submitted,fld4Jni2Ec7yatLsr,rollup,28,28,100.0,REPO REFERENCED,"repo hits: airtable/automations/shooting-challenge/066-achievements-and-milestones-create-shot-milestone-unlocks.js, airtable/automations/shooting-challenge/075-email-notifications-and-external-handoffs-build-challenge-welcome-email.js, tools/testing/agent2_enrollment_xp_inventory.mjs"
Enrollments,Streak Occurrences,fldanl05JKEhuwysG,multipleRecordLinks,28,3,10.71,HAS DEPENDENTS,referenced by 1 field(s)
Enrollments,Current Shooting Streak,flddbhaFH4y7kdbQi,number,28,25,89.29,REPO REFERENCED,"repo hits: airtable/automations/shooting-challenge/055-achievements-and-milestones-recalculate-current-shooting-streak-from-submission.js, airtable/automations/shooting-challenge/056-achievements-and-milestones-refresh-current-shooting-streaks-daily.js, airtable/automations/shooting-challenge/072-email-notifications-and-external-handoffs-build-weekly-summary-email-package.js"
Enrollments,Current Shooting Streak As Of,flduhIIDJVQs2egp6,date,28,10,35.71,REPO REFERENCED,"repo hits: airtable/automations/shooting-challenge/055-achievements-and-milestones-recalculate-current-shooting-streak-from-submission.js, airtable/automations/shooting-challenge/056-achievements-and-milestones-refresh-current-shooting-streaks-daily.js, web/lib/airtable/queries.ts"
Enrollments,Current Shooting Streak Status,fldMEJlsJobYGhQln,singleSelect,28,25,89.29,REPO REFERENCED,"repo hits: airtable/automations/shooting-challenge/055-achievements-and-milestones-recalculate-current-shooting-streak-from-submission.js, airtable/automations/shooting-challenge/056-achievements-and-milestones-refresh-current-shooting-streaks-daily.js, airtable/automations/shooting-challenge/072-email-notifications-and-external-handoffs-build-weekly-summary-email-package.js"
Enrollments,Current Shooting Streak Last Checked At,fldpt87RWrkya9i06,dateTime,28,25,89.29,REPO REFERENCED,"repo hits: airtable/automations/shooting-challenge/055-achievements-and-milestones-recalculate-current-shooting-streak-from-submission.js, airtable/automations/shooting-challenge/056-achievements-and-milestones-refresh-current-shooting-streaks-daily.js, tools/airtable/_preview/c025_stage17_prod_schema_manifest_source.json"
Enrollments,Target Goal Shots,fldf15uPDVk174UrY,multipleLookupValues,28,25,89.29,HAS DEPENDENTS,referenced by 1 field(s)
Enrollments,Goal Met?,fldhmHDeQwtRt2Aqk,formula,28,0,0.0,REPO REFERENCED,"repo hits: web/lib/airtable/queries.ts, web/lib/data/public-athlete-profile.ts, tools/airtable/audit_awards_catalog_and_connections.py"
Enrollments,Gate Enabled Status,fldTAalsTtSVumJF9,formula,28,28,100.0,HAS DEPENDENTS,referenced by 7 field(s)
Enrollments,Gate Failure Summary - Formula,fldBOGscKYREiqtQS,formula,28,28,100.0,REPO REFERENCED,"repo hits: tools/testing/agent2_066_diagnosis.mjs, tools/airtable/_preview/c025_stage17_prod_schema_manifest_source.json"
Enrollments,Gate Summary,fld78r7RqRgF8NK9c,formula,28,28,100.0,REPO REFERENCED,"repo hits: tools/airtable/export_airtable_schema.py, tools/testing/agent2_066_diagnosis.mjs, tools/testing/agent2_enrollment_xp_inventory.mjs"
Enrollments,Public Progression Status,fldMidMyM0NS0iIOy,formula,28,28,100.0,REPO REFERENCED,"repo hits: web/lib/airtable/queries.ts, web/lib/data/public-athlete-profile.ts, tools/airtable/_preview/c025_stage17_prod_schema_manifest_source.json"
Enrollments,Gate Passes,fldcpQWJ9g315rQg1,formula,28,28,100.0,HAS DEPENDENTS,referenced by 9 field(s)
Enrollments,Public Missing Submissions,fldid87attaGLbc92,formula,28,21,75.0,HAS DEPENDENTS,referenced by 1 field(s)
Enrollments,Public Missing Homework,fldozKoW3osO7eORu,formula,28,1,3.57,HAS DEPENDENTS,referenced by 1 field(s)
Enrollments,Public Missing Videos,fld5C8QbW0QYGU2m9,formula,28,22,78.57,HAS DEPENDENTS,referenced by 1 field(s)
Enrollments,Public Missing Zoom,fldcMl1TtIyCo0Vtn,formula,28,0,0.0,HAS DEPENDENTS,referenced by 1 field(s)
Enrollments,Public Missing Streak,fld4N3ueITBuxqkNA,formula,28,1,3.57,HAS DEPENDENTS,referenced by 1 field(s)
Enrollments,Public Gate Missing Reason,fld6pZGMbr2uWQ9bl,formula,28,23,82.14,REPO REFERENCED,"repo hits: web/lib/airtable/queries.ts, web/lib/data/public-athlete-profile.ts, tools/airtable/audit_newcomer_brothers.py"
Enrollments,Goal Met Date,fldohCsXsrU4hYqrJ,multipleLookupValues,28,3,10.71,REPO REFERENCED,"repo hits: tools/airtable/audit_awards_catalog_and_connections.py, tools/airtable/audit_goal_conquer_reconciliation.py, tools/airtable/_preview/c025_stage17_prod_schema_manifest_source.json"
Enrollments,Final Reflection Quiz Submissions,fldWRTWkBAvUu1ECx,multipleRecordLinks,28,0,0.0,REPO REFERENCED,"repo hits: airtable/automations/shooting-challenge/067-homework-link-or-create-completion-from-reflection-quiz.js, airtable/automations/shooting-challenge/071-email-notifications-and-external-handoffs-send-homework-feedback-email-webhook.js, tools/airtable/run_final_090_audits.py"
Enrollments,Zoom Attendance,fldTdDqzAcZ3UAauw,multipleRecordLinks,28,2,7.14,REPO REFERENCED,"repo hits: airtable/automations/shooting-challenge/041-levels-and-progression-mark-enrollment-for-level-recalculation.js, airtable/automations/shooting-challenge/042-levels-and-progression-assign-current-and-next-level-with-gate-blocking.js, airtable/automations/shooting-challenge/057-achievements-and-milestones-calculate-perfect-week-eligibility.js"
Enrollments,Testing Scenarios,flddAB7TJ1rvFrMN0,multipleRecordLinks,28,0,0.0,REPO REFERENCED,"repo hits: airtable/automations/shooting-challenge/115-engineering-test-framework-run-testing-scenario-daily-submission.js, tools/airtable/overnight_config_xp_prod_probe.py, tools/airtable/_c025_stage17_create_etf_scenario.py"
Enrollments,Public Profile Enabled,fldzD71UBqn4RTnGf,checkbox,28,28,100.0,REPO REFERENCED,"repo hits: airtable/automations/shooting-challenge/076-email-notifications-and-external-handoffs-build-daily-submission-email-package.js, web/lib/airtable/public-rest-fixtures.ts, web/lib/airtable/queries.ts"
Enrollments,Public Profile Slug,fld9dsZ57wsVxWH80,formula,28,28,100.0,REPO REFERENCED,"repo hits: airtable/automations/shooting-challenge/076-email-notifications-and-external-handoffs-build-daily-submission-email-package.js, web/lib/airtable/queries.ts, web/lib/data/athlete-profile.test.ts"
Enrollments,Created,flde5xvZKXQreSBSD,createdTime,28,28,100.0,ACTIVE / KEEP,100.00% populated
Enrollments,Homework XP Enrollment Signature,fldiK2yAyNk2LFSgY,formula,28,28,100.0,HAS DEPENDENTS,referenced by 1 field(s)
Enrollments,Parent Cell Number - Cleaned,fldPOhvDtDcpr2yfd,formula,28,26,92.86,ACTIVE / KEEP,92.86% populated
Enrollments,Reconciliation Source Signature,fldQuPw9b71o0uIQ6,formula,28,28,100.0,HAS DEPENDENTS,referenced by 1 field(s)
Enrollments,Zoom XP Enrollment Signature,fldB8RiYgX9AiIW3r,formula,28,28,100.0,HAS DEPENDENTS,referenced by 1 field(s)
Enrollments,Progression Last Reconciled Signature,fldnpRFc281qzBdei,singleLineText,28,24,85.71,REPO REFERENCED,"repo hits: airtable/automations/shooting-challenge/041-levels-and-progression-mark-enrollment-for-level-recalculation.js, airtable/automations/shooting-challenge/042-levels-and-progression-assign-current-and-next-level-with-gate-blocking.js, airtable/automations/shooting-challenge/lib/pkg-036-progression-reliability.test.js"
Enrollments,Payment Transactions,fldXJ1iLtU6UkQ2KZ,multipleRecordLinks,28,3,10.71,ACTIVE / KEEP,10.71% populated
Enrollments,Stripe Payment Id,fldP5y086ZI5u0EE8,singleLineText,28,10,35.71,ACTIVE / KEEP,35.71% populated
Enrollments,Fillout Submission Id,fldrylpqyHGTv59hz,singleLineText,28,4,14.29,ACTIVE / KEEP,14.29% populated
Enrollments,Perfect Week Video Minimum,fldQSMJvdeQf5JLvx,multipleLookupValues,28,28,100.0,HAS DEPENDENTS,referenced by 1 field(s)
Athletes,Full Name,fldOQpa4GxVcU9ggc,formula,24,24,100.0,REPO REFERENCED,"repo hits: airtable/automations/shooting-challenge/033-weekly-summary-and-goal-logic-assign-homework-to-weekly-athlete-summary.js, airtable/automations/shooting-challenge/072-email-notifications-and-external-handoffs-build-weekly-summary-email-package.js, airtable/automations/shooting-challenge/076-email-notifications-and-external-handoffs-build-daily-submission-email-package.js"
Athletes,First Name,fldS9q8hUiaaq6VjH,singleLineText,24,24,100.0,HAS DEPENDENTS,referenced by 2 field(s)
Athletes,Last Name,fldkigdfHbHNmTg6L,singleLineText,24,24,100.0,HAS DEPENDENTS,referenced by 2 field(s)
Athletes,Parent Email,fldoJwkFLxsU4vdAe,email,24,24,100.0,HAS DEPENDENTS,referenced by 1 field(s)
Athletes,Athlete Match Key,fldAZn3tPwDF1ZNrs,formula,24,24,100.0,HAS DEPENDENTS,referenced by 1 field(s)
Athletes,Athlete ID,fld4iy35C7tZalyEk,formula,24,24,100.0,HAS DEPENDENTS,referenced by 1 field(s)
Athletes,Active?,fldtt04Fxk7MC9WdC,checkbox,24,24,100.0,REPO REFERENCED,repo hits: tools/airtable/_preview/c025_stage17_prod_schema_manifest_source.json
Athletes,Register Date,fldieabHYJFKJhO2Z,createdTime,24,24,100.0,REPO REFERENCED,repo hits: tools/airtable/_preview/c025_stage17_prod_schema_manifest_source.json
Athletes,Enrollments,fldU1pdEoxT7INud9,multipleRecordLinks,24,24,100.0,REPO REFERENCED,"repo hits: airtable/automations/shooting-challenge/001-enrollment-intake-and-setup-find-or-create-athlete-and-link-enrollment.js, airtable/automations/shooting-challenge/002-enrollment-intake-and-setup-assign-grade-band-initial.js, airtable/automations/shooting-challenge/003-enrollment-intake-and-setup-assign-grade-band-if-grade-changes.js"
Athletes,Submissions,fldJbbZw7U6r246Zz,multipleRecordLinks,24,8,33.33,REPO REFERENCED,"repo hits: airtable/automations/shooting-challenge/005-submission-intake-and-asset-creation-assign-week-to-submission-homework-first.js, airtable/automations/shooting-challenge/006-submission-intake-and-asset-creation-set-video-count.js, airtable/automations/shooting-challenge/007-submission-intake-and-asset-creation-duplicate-checker-for-submissions.js"
Athletes,RecordId,fldgkgqyHNNn2goBJ,formula,24,24,100.0,REPO REFERENCED,"repo hits: airtable/automations/shooting-challenge/001-enrollment-intake-and-setup-find-or-create-athlete-and-link-enrollment.js, airtable/automations/shooting-challenge/002-enrollment-intake-and-setup-assign-grade-band-initial.js, airtable/automations/shooting-challenge/003-enrollment-intake-and-setup-assign-grade-band-if-grade-changes.js"
Submissions,Submission Full Name,fldzxmk634hDNrtiB,formula,209,209,100.0,REPO REFERENCED,"repo hits: tools/airtable/run_make_upload_test_audit.py, tools/airtable/_preview/c025_stage17_prod_schema_manifest_source.json, tools/airtable/_preview/prod_116_capture_baseline.py"
Submissions,RecordId,fldFwXuLK18jJnT2z,formula,209,209,100.0,HAS DEPENDENTS,referenced by 2 field(s)
Submissions,Enrollment Record ID Lookup,fldHH6GDDG9DixHBT,multipleLookupValues,209,209,100.0,HAS DEPENDENTS,referenced by 1 field(s)
Submissions,Week,fldA3fpXWckngZ6g1,multipleRecordLinks,209,15,7.18,HAS DEPENDENTS,referenced by 16 field(s)
Submissions,Activity Date,fldpkkSBsx8kQRZos,date,209,209,100.0,HAS DEPENDENTS,referenced by 15 field(s)
Submissions,Duplicate Review Status,fldteuTQmE6z5ep2g,singleSelect,209,209,100.0,HAS DEPENDENTS,referenced by 2 field(s)
Submissions,Created,fld4G2aFUD8mxwjJ5,formula,209,209,100.0,REPO REFERENCED,"repo hits: tools/testing/apply_pw_test_path_formula.mjs, tools/testing/probe_pw_test_path.mjs, tools/airtable/_preview/c025_stage17_prod_schema_manifest_source.json"
Submissions,Enrollment,fld0fKiO62UiztNQH,multipleRecordLinks,209,209,100.0,HAS DEPENDENTS,referenced by 11 field(s)
Submissions,Submission Key,fldpO1vUHB675k6nm,formula,209,209,100.0,REPO REFERENCED,"repo hits: tools/airtable/fix_post_audit_repairs.py, tools/testing/tests/run_010_script.mjs, tools/airtable/_preview/c025_stage17_prod_schema_manifest_source.json"
Submissions,Duplicate Key,fld8c3ay4tdaQXdSa,formula,209,209,100.0,REPO REFERENCED,"repo hits: airtable/automations/shooting-challenge/007-submission-intake-and-asset-creation-duplicate-checker-for-submissions.js, tools/airtable/_preview/c025_stage17_prod_schema_manifest_source.json, tools/airtable/v2_dev_runbook/fixtures/duplicate_prevention.json"
Submissions,Count This Submission?,fld1gQ2c04pndnTKe,formula,209,209,100.0,HAS DEPENDENTS,referenced by 18 field(s)
Submissions,Activity Date Key,fldLBZHH23uSm9qDs,formula,209,209,100.0,HAS DEPENDENTS,referenced by 1 field(s)
Submissions,Counted Activity Date Key,fld93oigqY19Z6zqN,formula,209,4,1.91,HAS DEPENDENTS,referenced by 1 field(s)
Submissions,Reconciliation Needed?,flds4Ba5LBkWqqd1n,formula,209,209,100.0,REPO REFERENCED,"repo hits: airtable/automations/shooting-challenge/010-submission-intake-create-xp-event.js, airtable/automations/shooting-challenge/065-homework-review-and-xp-create-homework-xp-event.js, airtable/automations/shooting-challenge/101-zoom-attendance-xp-award-meeting-xp.js"
Submissions,Reconciliation XP Event Source Keys - Lkp,fld4nNvKqCMcj0uqf,multipleLookupValues,209,177,84.69,HAS DEPENDENTS,referenced by 1 field(s)
Submissions,Perfect Week Manual Exception?,fldIb6nJu5TBkUUrD,checkbox,209,131,62.68,HAS DEPENDENTS,referenced by 1 field(s)
Submissions,Perfect Week Grace Eligible?,fldLo2GO5aac6tPX1,formula,209,209,100.0,HAS DEPENDENTS,referenced by 1 field(s)
Submissions,Shot Total,fldtAIg2vtfWkyPPk,number,209,209,100.0,HAS DEPENDENTS,referenced by 4 field(s)
Submissions,XP Award Status,fldHss7nASESJFI8Z,singleSelect,209,209,100.0,REPO REFERENCED,"repo hits: airtable/automations/shooting-challenge/010-submission-intake-create-xp-event.js, airtable/automations/shooting-challenge/054-achievements-and-milestones-streak-occurrences-create-or-repair-streak-xp-event.js, airtable/automations/shooting-challenge/058-achievements-and-milestones-create-perfect-week-unlock.js"
Submissions,Current Reconciliation Signature,fldkeAcTGVFnDFP7i,formula,209,209,100.0,HAS DEPENDENTS,referenced by 1 field(s)
Submissions,Last Reconciled Signature,fld5csazwdjc8S99C,singleLineText,209,189,90.43,HAS DEPENDENTS,referenced by 1 field(s)
Submissions,Attachment Upload Status,fldkPLE3eLyQZsTCq,singleSelect,209,209,100.0,HAS DEPENDENTS,referenced by 1 field(s)
Submissions,Send Daily Email to Make Now?,fldgGWB0sjWGFuPJK,checkbox,209,0,0.0,REPO REFERENCED,"repo hits: airtable/automations/shooting-challenge/077-email-notifications-and-external-handoffs-send-daily-submission-email-package-to-make.js, tools/airtable/_preview/c025_stage17_prod_schema_manifest_source.json"
Submissions,Submitted At,fld7JJ7neI0YYmB7i,formula,209,209,100.0,HAS DEPENDENTS,referenced by 2 field(s)
Submissions,Homework Name 1,fldBuHIpIwxTy60js,multipleRecordLinks,209,0,0.0,HAS DEPENDENTS,referenced by 3 field(s)
Submissions,Homework Name 2,fldnAy8yXTFafhvnu,multipleRecordLinks,209,0,0.0,HAS DEPENDENTS,referenced by 3 field(s)
Submissions,Athlete Name,fldrylk2Fy2G8hUst,multipleLookupValues,209,209,100.0,HAS DEPENDENTS,referenced by 1 field(s)
Submissions,Week Assignment Status,fldVbtRu7O8CtaS06,formula,209,209,100.0,REPO REFERENCED,"repo hits: airtable/automations/shooting-challenge/005-submission-intake-and-asset-creation-assign-week-to-submission-homework-first.js, tools/airtable/_foundation_live_submission_test.py, tools/testing/tests/run_005_023_chain.mjs"
Submissions,Daily Email To,fldek7wYvoMXYyVgu,singleLineText,209,0,0.0,REPO REFERENCED,"repo hits: airtable/automations/shooting-challenge/077-email-notifications-and-external-handoffs-send-daily-submission-email-package-to-make.js, tools/airtable/_preview/c025_stage17_prod_schema_manifest_source.json"
Submissions,Daily Email Subject,fldV5jYeKARHR5CBD,singleLineText,209,21,10.05,REPO REFERENCED,"repo hits: airtable/automations/shooting-challenge/077-email-notifications-and-external-handoffs-send-daily-submission-email-package-to-make.js, tools/testing/autonomous-qa-run.mjs, tools/testing/sc-core-workflow.mjs"
Submissions,Daily Email Version,fldsc3K0We5VohQTS,singleLineText,209,0,0.0,REPO REFERENCED,"repo hits: airtable/automations/shooting-challenge/077-email-notifications-and-external-handoffs-send-daily-submission-email-package-to-make.js, tools/airtable/_preview/c025_stage17_prod_schema_manifest_source.json"
Submissions,XP Award Ready?,fld7GUCJu5Q4HXQYm,formula,209,209,100.0,REPO REFERENCED,repo hits: tools/airtable/_preview/c025_stage17_prod_schema_manifest_source.json
Submissions,Total Shots Counted,fldAqC1oUKKFZdU3p,formula,209,209,100.0,HAS DEPENDENTS,referenced by 5 field(s)
Submissions,Weekly Athlete Summary,fldZXSYorbG7BdDEo,multipleRecordLinks,209,208,99.52,HAS DEPENDENTS,referenced by 2 field(s)
Submissions,HW Sub 1,fldtJS9LW3PAyCaNC,multipleAttachments,209,9,4.31,HAS DEPENDENTS,referenced by 8 field(s)
Submissions,HW Sub 2,fldUvfAHi3e15Oxb7,multipleAttachments,209,7,3.35,HAS DEPENDENTS,referenced by 8 field(s)
Submissions,Total Shots Canonical,fld98cbVpYc5lqrN6,formula,209,209,100.0,HAS DEPENDENTS,referenced by 3 field(s)
Submissions,HW 1 - Parent Note,fldeygBOVv5bHnkfe,multilineText,209,0,0.0,REPO REFERENCED,"repo hits: tools/season_simulation/constants.py, tools/airtable/_preview/c025_stage17_prod_schema_manifest_source.json"
Submissions,HW 2 - Parent Note,fldOgBoi9vbzX6B23,multilineText,209,0,0.0,REPO REFERENCED,"repo hits: tools/season_simulation/constants.py, tools/airtable/_preview/c025_stage17_prod_schema_manifest_source.json"
Submissions,Video Upload,fld0pxr2NoMx2MxBu,multipleAttachments,209,12,5.74,HAS DEPENDENTS,referenced by 6 field(s)
Submissions,Video Upload Note,fldnUvkgsPsdrowqx,multilineText,209,0,0.0,REPO REFERENCED,"repo hits: airtable/automations/shooting-challenge/073-email-notifications-and-external-handoffs-send-video-feedback-parent-email-webhook.js, tools/season_simulation/constants.py, tools/season_simulation/execute.py"
Submissions,Video Feedback Note,fld4BMvxuViJL9VAx,multilineText,209,0,0.0,REPO REFERENCED,"repo hits: airtable/automations/shooting-challenge/115-engineering-test-framework-run-testing-scenario-daily-submission.js, tools/testing/tests/run_115_script.mjs, tools/airtable/_preview/c025_stage17_prod_schema_manifest_source.json"
Submissions,Video Count,fldV3MCyC7qUo1eVc,number,209,209,100.0,REPO REFERENCED,"repo hits: airtable/automations/shooting-challenge/006-submission-intake-and-asset-creation-set-video-count.js, airtable/automations/shooting-challenge/057-achievements-and-milestones-calculate-perfect-week-eligibility.js, airtable/automations/shooting-challenge/072-email-notifications-and-external-handoffs-build-weekly-summary-email-package.js"
Submissions,HW1 Coach Feedback,fld1uL11xDEJDnsti,multipleLookupValues,209,7,3.35,REPO REFERENCED,repo hits: tools/airtable/_preview/c025_stage17_prod_schema_manifest_source.json
Submissions,HW2 Coach Feedback,fldf7fTc3pTIrak0Q,multilineText,209,0,0.0,REPO REFERENCED,repo hits: tools/airtable/_preview/c025_stage17_prod_schema_manifest_source.json
Submissions,Has Review Assets?,fld9vwPlfCVvjwZyJ,formula,209,209,100.0,REPO REFERENCED,"repo hits: airtable/automations/shooting-challenge/006-submission-intake-and-asset-creation-set-video-count.js, tools/airtable/_preview/c025_stage17_prod_schema_manifest_source.json"
Submissions,Has HW1?,fldrtEjfavdXyySkw,formula,209,209,100.0,REPO REFERENCED,repo hits: tools/airtable/_preview/c025_stage17_prod_schema_manifest_source.json
Submissions,Has HW2?,fldjPJ8Xzr28t5VDN,formula,209,209,100.0,REPO REFERENCED,repo hits: tools/airtable/_preview/c025_stage17_prod_schema_manifest_source.json
Submissions,Has Video?,fldHn8sQ3Ni7uTlto,formula,209,209,100.0,REPO REFERENCED,"repo hits: airtable/automations/shooting-challenge/006-submission-intake-and-asset-creation-set-video-count.js, tools/airtable/_preview/c025_stage17_prod_schema_manifest_source.json"
Submissions,Submission Stat Mode,fldAw7146HvSLBxGF,formula,209,209,100.0,HAS DEPENDENTS,referenced by 15 field(s)
Submissions,2PT Made,fldThGv2Y8MjgBZpp,number,209,0,0.0,HAS DEPENDENTS,referenced by 7 field(s)
Submissions,2PT Attempted,fldLZmCQB7vi1vTjF,number,209,0,0.0,HAS DEPENDENTS,referenced by 7 field(s)
Submissions,3PT Made,fldyS3osevRlfO2Kd,number,209,0,0.0,HAS DEPENDENTS,referenced by 7 field(s)
Submissions,3PT Attempted,fldTW9qdhF8vNkDJA,number,209,0,0.0,HAS DEPENDENTS,referenced by 7 field(s)
Submissions,FT Made,fldPZu6GsysJwnXS9,number,209,0,0.0,HAS DEPENDENTS,referenced by 7 field(s)
Submissions,FT Attempted,fldzN0wgxFeuwyLIj,number,209,0,0.0,HAS DEPENDENTS,referenced by 7 field(s)
Submissions,Total Makes Canonical,fldCS8ILuIjuA9puP,formula,209,0,0.0,HAS DEPENDENTS,referenced by 2 field(s)
Submissions,Submission Has Detailed Stats?,fld2onHVrtviMDOP8,formula,209,209,100.0,REPO REFERENCED,repo hits: tools/airtable/_preview/c025_stage17_prod_schema_manifest_source.json
Submissions,Detailed Stats Valid?,fldiTf8V6Jf5bBKeP,formula,209,0,0.0,HAS DEPENDENTS,referenced by 9 field(s)
Submissions,2PT %,fldNLWTS2tgdwohrC,formula,209,0,0.0,REPO REFERENCED,repo hits: tools/airtable/_preview/c025_stage17_prod_schema_manifest_source.json
Submissions,3PT %,fldXja72Wk02S2bmz,formula,209,0,0.0,REPO REFERENCED,repo hits: tools/airtable/_preview/c025_stage17_prod_schema_manifest_source.json
Submissions,FT %,fldYOVAgaKNL139Ij,formula,209,0,0.0,REPO REFERENCED,repo hits: tools/airtable/_preview/c025_stage17_prod_schema_manifest_source.json
Submissions,Review Queue Sort,fldJ3ZJDXOwG8OaUf,formula,209,0,0.0,REPO REFERENCED,repo hits: tools/airtable/_preview/c025_stage17_prod_schema_manifest_source.json
Submissions,Total Makes Counted,fldhePmUYZ4kCaWeq,formula,209,209,100.0,HAS DEPENDENTS,referenced by 2 field(s)
Submissions,2PT Made Counted,fldzcBOkGK2KGrSTQ,formula,209,209,100.0,HAS DEPENDENTS,referenced by 1 field(s)
Submissions,2PT Attempted Counted,fldqK8wSDMNsmnSeH,formula,209,209,100.0,HAS DEPENDENTS,referenced by 1 field(s)
Submissions,3PT Made Counted,fldT86AJTsJB7i1Nx,formula,209,209,100.0,HAS DEPENDENTS,referenced by 1 field(s)
Submissions,3PT Attempted Counted,fldC7kjGLdg7SIoyp,formula,209,209,100.0,HAS DEPENDENTS,referenced by 1 field(s)
Submissions,FT Made Counted,fldKefUJ9Lwh5wYkP,formula,209,209,100.0,HAS DEPENDENTS,referenced by 1 field(s)
Submissions,FT Attempted Counted,fldGZFfAfXxTEICsE,formula,209,209,100.0,HAS DEPENDENTS,referenced by 1 field(s)
Submissions,Daily Email HTML,fldqEXmSicovfwoAA,multilineText,209,0,0.0,REPO REFERENCED,"repo hits: airtable/automations/shooting-challenge/077-email-notifications-and-external-handoffs-send-daily-submission-email-package-to-make.js, tools/airtable/_preview/c025_stage17_prod_schema_manifest_source.json, tests/email/automation-072-076-canonical-reporting.test.js"
Submissions,Activity Date Is Future?,fldyFAjhbfaC4LlPb,formula,209,209,100.0,HAS DEPENDENTS,referenced by 3 field(s)
Submissions,Needs Week Assignment?,fld8D24l3EqGzBqqK,formula,209,209,100.0,REPO REFERENCED,"repo hits: tools/airtable/_foundation_live_submission_test.py, tools/airtable/_preview/c025_stage17_prod_schema_manifest_source.json"
Submissions,Ready for Weekly Summary?,fldxIoYn3PeIX314F,formula,209,209,100.0,REPO REFERENCED,repo hits: tools/airtable/_preview/c025_stage17_prod_schema_manifest_source.json
Submissions,XP Events,fldVewtOPR0DmVg12,multipleRecordLinks,209,177,84.69,HAS DEPENDENTS,referenced by 4 field(s)
Submissions,XP Base Points,fldQkosVQ4Np5hnBQ,formula,209,209,100.0,HAS DEPENDENTS,referenced by 1 field(s)
Submissions,XP Bonus Points,fldmveouFsqbGPVWg,formula,209,209,100.0,REPO REFERENCED,"repo hits: tools/airtable/audit_newcomer_xp.py, tools/airtable/_preview/c025_stage17_prod_schema_manifest_source.json"
Submissions,XP Total Points,fldkitTNbrThY56o7,formula,209,209,100.0,HAS DEPENDENTS,referenced by 1 field(s)
Submissions,XP Volume Bonus,fldMKQM3vEOSD2xlj,formula,209,209,100.0,HAS DEPENDENTS,referenced by 1 field(s)
Submissions,XP Accuracy Bonus,fldZI19nqXY6SKtBe,formula,209,209,100.0,HAS DEPENDENTS,referenced by 1 field(s)
Submissions,XP Detailed Stats Bonus,fldbSwAPw8diu1AGj,formula,209,209,100.0,HAS DEPENDENTS,referenced by 1 field(s)
Submissions,XP Notes,fldjiftqj4mhyRMQL,multilineText,209,0,0.0,REPO REFERENCED,"repo hits: tools/airtable/_preview/c025_config_linkage_inspect.json, tools/airtable/_preview/c025_stage17_install_probe.json, tools/airtable/_preview/c025_stage17_prod_batch_followup.json"
Submissions,Homework Completions,fldBRAvpbYfBSPyZH,multipleRecordLinks,209,10,4.78,HAS DEPENDENTS,referenced by 1 field(s)
Submissions,Athlete,fldfWvl8g0JO5ObuB,multipleRecordLinks,209,51,24.4,REPO REFERENCED,repo hits: tools/airtable/_preview/c025_stage17_prod_schema_manifest_source.json
Submissions,Submission Assets,fld1kilHu3o3Qtlpv,multipleRecordLinks,209,31,14.83,HAS DEPENDENTS,referenced by 3 field(s)
Submissions,Attachment Upload Error,fldItp8eSJuUZPaIr,multilineText,209,0,0.0,REPO REFERENCED,"repo hits: airtable/automations/shooting-challenge/009-submission-intake-create-submission-assets.js, tools/airtable/_preview/c025_stage17_prod_schema_manifest_source.json"
Submissions,Ready to Send Attachments to Make?,fldNuRzPUPYEpaHyG,formula,209,209,100.0,REPO REFERENCED,repo hits: tools/airtable/_preview/c025_stage17_prod_schema_manifest_source.json
Submissions,Daily Email Sent to Make.com Status,fld67PP4NfQT7Ls35,singleSelect,209,0,0.0,REPO REFERENCED,"repo hits: airtable/automations/shooting-challenge/077-email-notifications-and-external-handoffs-send-daily-submission-email-package-to-make.js, tools/airtable/_preview/c025_stage17_prod_schema_manifest_source.json"
Submissions,Daily Email Sent to Make.com At,fldsHqzPgybIBWoQg,dateTime,209,0,0.0,REPO REFERENCED,"repo hits: airtable/automations/shooting-challenge/077-email-notifications-and-external-handoffs-send-daily-submission-email-package-to-make.js, tools/airtable/_preview/c025_stage17_prod_schema_manifest_source.json"
Submissions,Daily Email Status,fld23EZnHgQMa79jV,singleSelect,209,0,0.0,REPO REFERENCED,"repo hits: airtable/automations/shooting-challenge/077-email-notifications-and-external-handoffs-send-daily-submission-email-package-to-make.js, tools/airtable/_foundation_build_docs.py, tools/airtable/_foundation_live_submission_test.py"
Submissions,Daily Email Sent At,fldwgak9nLSYiUGXL,multilineText,209,0,0.0,REPO REFERENCED,"repo hits: airtable/automations/shooting-challenge/077-email-notifications-and-external-handoffs-send-daily-submission-email-package-to-make.js, tools/airtable/_preview/c025_stage17_prod_schema_manifest_source.json"
Submissions,Homework Completion Ready?,fldmrxhhChP7DiySK,formula,209,209,100.0,HAS DEPENDENTS,referenced by 1 field(s)
Submissions,Ready for Homework Completion Automation?,fldZjS3FyJm18Pu1f,formula,209,209,100.0,REPO REFERENCED,repo hits: tools/airtable/_preview/c025_stage17_prod_schema_manifest_source.json
Submissions,Submission Assets Ready?,fld4ZArf6KicJSpxE,formula,209,209,100.0,REPO REFERENCED,repo hits: tools/airtable/_preview/c025_stage17_prod_schema_manifest_source.json
Submissions,Video Feedback,fldUkjCtWcEPm4b0f,multipleRecordLinks,209,82,39.23,HAS DEPENDENTS,referenced by 1 field(s)
Submissions,Edit Submission - Parent,fldK5ZxoOiEYfMlay,formula,209,209,100.0,REPO REFERENCED,repo hits: tools/airtable/_preview/c025_stage17_prod_schema_manifest_source.json
Submissions,Coach Feedback (from Video Feedback),fldJlefXLP4KVrmET,multipleLookupValues,209,26,12.44,REPO REFERENCED,"repo hits: tools/airtable/_preview/c025_stage17_prod_schema_manifest_source.json, make/blueprints/upload-asset-engine-fresh-airtable-v2-base.json, make/blueprints/upload-asset-engine-v1.json"
Submissions,Build Daily Email Now?,flddsovM5dq6naBQ2,checkbox,209,6,2.87,REPO REFERENCED,"repo hits: airtable/automations/shooting-challenge/031-weekly-summary-and-goal-logic-find-or-create-weekly-athlete-summary-from-submission.js, airtable/automations/shooting-challenge/076-email-notifications-and-external-handoffs-build-daily-submission-email-package.js, tools/testing/tests/run_031_script.mjs"
Submissions,Submitted Same Day?,fldE7G8H1O7HPYuIi,formula,209,209,100.0,REPO REFERENCED,"repo hits: airtable/automations/shooting-challenge/057-achievements-and-milestones-calculate-perfect-week-eligibility.js, tools/testing/apply_pw_test_path_formula.mjs, tools/testing/create_pw_case01_fixtures.mjs"
Submissions,Perfect Week Countable Submission?,fldYDitgQr6jgoDMk,formula,209,209,100.0,REPO REFERENCED,"repo hits: airtable/automations/shooting-challenge/057-achievements-and-milestones-calculate-perfect-week-eligibility.js, airtable/automations/shooting-challenge/072-email-notifications-and-external-handoffs-build-weekly-summary-email-package.js, tools/testing/create_pw_case01_fixtures.mjs"
Submissions,Ready for 009 Asset Creation?,fld31w9XjMW5DbBpk,formula,209,209,100.0,REPO REFERENCED,repo hits: tools/airtable/_preview/c025_stage17_prod_schema_manifest_source.json
Submissions,Why Not Ready for 009?,fld7PEP0RfvxBJ5sx,formula,209,209,100.0,REPO REFERENCED,repo hits: tools/airtable/_preview/c025_stage17_prod_schema_manifest_source.json
Submissions,Testing Scenarios,fldOqG2lqGtdOo6ws,multipleRecordLinks,209,0,0.0,REPO REFERENCED,"repo hits: airtable/automations/shooting-challenge/115-engineering-test-framework-run-testing-scenario-daily-submission.js, tools/airtable/overnight_config_xp_prod_probe.py, tools/airtable/_c025_stage17_create_etf_scenario.py"
Submissions,Program Instance - Synced,fldm47Ar3rKitJ1KE,multipleRecordLinks,209,0,0.0,REPO REFERENCED,"repo hits: airtable/automations/shooting-challenge/023-submission-intake-and-asset-creation-assign-enrollment-to-submission.js, airtable/automations/shooting-challenge/075-email-notifications-and-external-handoffs-build-challenge-welcome-email.js, tools/airtable/_foundation_prod_probe.py"
Submissions,Perfect Week Test Submitted At,fldr2msxUo1kPjROD,dateTime,209,134,64.11,HAS DEPENDENTS,referenced by 1 field(s)
Submissions,Perfect Week Test Record?,fld0xNqO0ryOe7uEY,checkbox,209,134,64.11,HAS DEPENDENTS,referenced by 1 field(s)
Submissions,Reconciliation Enrollment Signature - Lkp,fld3quMb3gnJkohjA,multipleLookupValues,209,209,100.0,HAS DEPENDENTS,referenced by 1 field(s)
Submissions,Reconciliation Week Signature - Lkp,fldbodeJN3h02dM86,multipleLookupValues,209,15,7.18,HAS DEPENDENTS,referenced by 1 field(s)
Submissions,Reconciliation XP Event Signatures - Lkp,fldxHinW7DMFeNsZa,multipleLookupValues,209,177,84.69,HAS DEPENDENTS,referenced by 1 field(s)
Submissions,Reconciliation XP Event Submission IDs - Lkp,fld8ILto4wGv1jibv,multipleLookupValues,209,177,84.69,HAS DEPENDENTS,referenced by 1 field(s)
Submissions,Reconciliation XP Event Enrollment IDs - Lkp,fld26J2bE9DSN6ER5,multipleLookupValues,209,177,84.69,HAS DEPENDENTS,referenced by 1 field(s)
Submissions,Week Counts Toward Challenge?,fldb7hPDroYgj2PE0,multipleLookupValues,209,15,7.18,HAS DEPENDENTS,referenced by 1 field(s)
Submissions,Activity Date - Time,fldeoSDKvNDfZOAgE,singleSelect,209,68,32.54,HAS DEPENDENTS,referenced by 1 field(s)
Submission Assets,Submission Assets Full Name,fld3uqsvTrgAImBOh,formula,65,65,100.0,HAS DEPENDENTS,referenced by 1 field(s)
Submission Assets,Created,fldLAxgb6tMzC4lZH,createdTime,65,65,100.0,ACTIVE / KEEP,100.00% populated
Submission Assets,RecordId,fldXz9TNOnGeRXEL8,formula,65,65,100.0,REPO REFERENCED,"repo hits: airtable/automations/shooting-challenge/001-enrollment-intake-and-setup-find-or-create-athlete-and-link-enrollment.js, airtable/automations/shooting-challenge/002-enrollment-intake-and-setup-assign-grade-band-initial.js, airtable/automations/shooting-challenge/003-enrollment-intake-and-setup-assign-grade-band-if-grade-changes.js"
Submission Assets,Airtable Attachment,fldrGt7IsWDUAKfzD,multipleAttachments,65,65,100.0,HAS DEPENDENTS,referenced by 6 field(s)
Submission Assets,Video Feedback,fldxapOLpLH4KaXOb,multipleRecordLinks,65,45,69.23,HAS DEPENDENTS,referenced by 6 field(s)
Submission Assets,Original File Name,fldS0DINXc5YSHYRO,singleLineText,65,40,61.54,HAS DEPENDENTS,referenced by 2 field(s)
Submission Assets,Homework Name 1,fldnzHLHvSwyUsnQj,multipleLookupValues,65,0,0.0,HAS DEPENDENTS,referenced by 1 field(s)
Submission Assets,HW Sub 1,fldDvMkI9llIUmxFi,multipleLookupValues,65,34,52.31,REPO REFERENCED,"repo hits: airtable/automations/shooting-challenge/009-submission-intake-create-submission-assets.js, airtable/automations/shooting-challenge/020-homework-link-or-create-homework-completion.js, airtable/automations/shooting-challenge/021-submission-intake-and-asset-creation-set-attachment-upload-status.js"
Submission Assets,Homework Name 2,fldc4VJaLJhaNFKOU,multipleLookupValues,65,0,0.0,HAS DEPENDENTS,referenced by 1 field(s)
Submission Assets,HW Sub 2,fldahytXWi4YuRD2I,multipleLookupValues,65,31,47.69,REPO REFERENCED,"repo hits: airtable/automations/shooting-challenge/009-submission-intake-create-submission-assets.js, airtable/automations/shooting-challenge/021-submission-intake-and-asset-creation-set-attachment-upload-status.js, airtable/automations/shooting-challenge/076-email-notifications-and-external-handoffs-build-daily-submission-email-package.js"
Submission Assets,Reviewer File URL,fld3O3MhDPbgyVw4f,formula,65,32,49.23,HAS DEPENDENTS,referenced by 2 field(s)
Submission Assets,Ready to Send to Make?,fldG5lWlsUcrDNlIg,formula,65,65,100.0,REPO REFERENCED,"repo hits: airtable/automations/shooting-challenge/013-submission-intake-create-or-link-video-feedback.js, tools/airtable/_probe_c013_asset_storage_fields.py, tools/airtable/_preview/c013-dev-070b-prep-recF86pJTIMFoEypJ.json"
Submission Assets,Created Time,fldiEOIvxT5D7gOp4,createdTime,65,65,100.0,REPO REFERENCED,"repo hits: tools/season_simulation/preflight.py, tools/season_simulation/reports/preflight-20260829T235742Z.json, tools/season_simulation/reports/preflight-latest.json"
Submission Assets,Upload Destination,fldox2Rjj9YL3EYK6,formula,65,65,100.0,HAS DEPENDENTS,referenced by 7 field(s)
Submission Assets,Asset Purpose,fldCpEiwVOMc8v4Vu,singleSelect,65,40,61.54,HAS DEPENDENTS,referenced by 4 field(s)
Submission Assets,Asset Slot,fldOwKqDaX2cUxMxf,singleSelect,65,65,100.0,HAS DEPENDENTS,referenced by 3 field(s)
Submission Assets,RecordId - Submission Table,fldw8R6h6DkyEMzFR,multipleLookupValues,65,65,100.0,REPO REFERENCED,"repo hits: tools/airtable/_preview/c023-dev-stage5-S5A-recF86pJTIMFoEypJ.json, tools/airtable/_preview/c023-dev-stage5-S5B-recF86pJTIMFoEypJ.json, tools/airtable/_preview/c023-dev-stage5-S5C-recF86pJTIMFoEypJ.json"
Submission Assets,Homework Completions,fldQF8OsfESrHdcUb,multipleRecordLinks,65,16,24.62,HAS DEPENDENTS,referenced by 5 field(s)
Submission Assets,Homework Completions RID,fld8pLfrA76vMP5mt,multipleLookupValues,65,16,24.62,HAS DEPENDENTS,referenced by 1 field(s)
Submission Assets,Week,fldVpRxZqGJxlAs6T,multipleLookupValues,65,5,7.69,ACTIVE / KEEP,7.69% populated
Submission Assets,Asset Key,fldy8UuxWmHT7WFFJ,formula,65,65,100.0,REPO REFERENCED,"repo hits: tools/airtable/fut_002_field_inventory.py, tools/airtable/_fix_fut002_ids.py, tools/airtable/tests/test_fut_002_field_inventory.py"
Submission Assets,Record Id - Submission Assets,fldJxCAToeUz2OLJ3,formula,65,65,100.0,ACTIVE / KEEP,100.00% populated
Submission Assets,Submission - Linked,flddRCbWCegg4WCoZ,multipleRecordLinks,65,65,100.0,HAS DEPENDENTS,referenced by 11 field(s)
Submission Assets,Upload Status,fldPybPEvRcEVuNWl,singleSelect,65,64,98.46,HAS DEPENDENTS,referenced by 4 field(s)
Submission Assets,Enrollment - Linked,fldJRSvui8RPg0Vyb,multipleRecordLinks,65,65,100.0,HAS DEPENDENTS,referenced by 9 field(s)
Submission Assets,Asset Label,fld6higUGAazpTX1e,singleLineText,65,40,61.54,HAS DEPENDENTS,referenced by 2 field(s)
Submission Assets,Asset Type,fldD4JV3iXYmIQLNG,singleSelect,65,40,61.54,HAS DEPENDENTS,referenced by 3 field(s)
Submission Assets,Uploaded At,fldvXvURsGG611cSK,dateTime,65,32,49.23,HAS DEPENDENTS,referenced by 3 field(s)
Submission Assets,Writeback Complete?,fldtl04LTU3FoMmLL,formula,65,65,100.0,REPO REFERENCED,"repo hits: airtable/automations/shooting-challenge/020-homework-link-or-create-homework-completion.js, airtable/automations/shooting-challenge/022-submission-intake-sync-child-upload-writeback-from-submission-asset.js, airtable/automations/shooting-challenge/070c-email-notifications-and-external-handoffs-verify-async-video-asset-upload.js"
Submission Assets,Upload Ready?,fldZiACFdNLECuRRU,formula,65,65,100.0,REPO REFERENCED,"repo hits: tools/airtable/fix_homework_upload_ready_formula.py, tools/airtable/fut_010_intake_attachment_cleanup.py, tools/airtable/_probe_c013_asset_storage_fields.py"
Submission Assets,Source Attachment ID,fld7imlYToTHK6sZA,singleLineText,65,64,98.46,REPO REFERENCED,"repo hits: airtable/automations/shooting-challenge/009-submission-intake-create-submission-assets.js, airtable/automations/shooting-challenge/013-submission-intake-create-or-link-video-feedback.js, airtable/automations/shooting-challenge/067-homework-link-or-create-completion-from-reflection-quiz.js"
Submission Assets,Last Name,fld6x0Y5s7V8X5psH,multipleLookupValues,65,65,100.0,REPO REFERENCED,"repo hits: airtable/automations/shooting-challenge/001-enrollment-intake-and-setup-find-or-create-athlete-and-link-enrollment.js, airtable/automations/shooting-challenge/075-email-notifications-and-external-handoffs-build-challenge-welcome-email.js, airtable/automations/shooting-challenge/078A-email-notifications-and-external-handoffs-enrollment-create-welcome-email-handoff.js"
Submission Assets,First Name,fldx2kdvgv9x3MU9A,multipleLookupValues,65,65,100.0,REPO REFERENCED,"repo hits: airtable/automations/shooting-challenge/001-enrollment-intake-and-setup-find-or-create-athlete-and-link-enrollment.js, airtable/automations/shooting-challenge/071-email-notifications-and-external-handoffs-send-homework-feedback-email-webhook.js, airtable/automations/shooting-challenge/072-email-notifications-and-external-handoffs-build-weekly-summary-email-package.js"
Submission Assets,Program Instance - Raw,fldhBiaRmBLydLNrD,multipleLookupValues,65,65,100.0,HAS DEPENDENTS,referenced by 1 field(s)
Submission Assets,Program Instance - Convert to File Name,fld7Fbq1VHNTYBqOb,formula,65,65,100.0,REPO REFERENCED,"repo hits: tools/airtable/_preview/c023-dev-stage5-S5A-recF86pJTIMFoEypJ.json, tools/airtable/_preview/c023-dev-stage5-S5B-recF86pJTIMFoEypJ.json, tools/airtable/_preview/c023-dev-stage5-S5C-recF86pJTIMFoEypJ.json"
Submission Assets,Date,fldu3NYlcZl942oU5,multipleLookupValues,65,65,100.0,HAS DEPENDENTS,referenced by 1 field(s)
Submission Assets,Date - Convert to File Name,fldxcDBeWXEPV1rnO,formula,65,65,100.0,REPO REFERENCED,"repo hits: tools/airtable/_preview/c023-dev-stage5-S5A-recF86pJTIMFoEypJ.json, tools/airtable/_preview/c023-dev-stage5-S5B-recF86pJTIMFoEypJ.json, tools/airtable/_preview/c023-dev-stage5-S5C-recF86pJTIMFoEypJ.json"
Submission Assets,Asset Type - Convert for File Name,fldzfpPNBX8ZmZ1sp,formula,65,40,61.54,REPO REFERENCED,"repo hits: tools/airtable/_preview/c023-dev-stage5-S5A-recF86pJTIMFoEypJ.json, tools/airtable/_preview/c023-dev-stage5-S5B-recF86pJTIMFoEypJ.json, tools/airtable/_preview/c023-dev-stage5-S5C-recF86pJTIMFoEypJ.json"
Submission Assets,Athlete Full Name,fldtqSPrw0ah0fCmW,multipleLookupValues,65,65,100.0,HAS DEPENDENTS,referenced by 1 field(s)
Submission Assets,Record Id (from Enrollment - Linked),fldPWNhEsXP1KuMUI,multipleLookupValues,65,65,100.0,REPO REFERENCED,"repo hits: tools/airtable/_preview/c023-dev-stage5-S5A-recF86pJTIMFoEypJ.json, tools/airtable/_preview/c023-dev-stage5-S5B-recF86pJTIMFoEypJ.json, tools/airtable/_preview/c023-dev-stage5-S5C-recF86pJTIMFoEypJ.json"
Submission Assets,XP Events,fldwOklyDaW3nN2Kz,singleLineText,65,0,0.0,REPO REFERENCED,"repo hits: airtable/automations/shooting-challenge/010-submission-intake-create-xp-event.js, airtable/automations/shooting-challenge/031-weekly-summary-and-goal-logic-find-or-create-weekly-athlete-summary-from-submission.js, airtable/automations/shooting-challenge/035-weekly-summary-and-goal-logic-create-weekly-threshold-xp-events.js"
Submission Assets,Review Complete?,fldpCKmuKiloOSsvd,checkbox,65,0,0.0,REPO REFERENCED,"repo hits: make/blueprints/upload-asset-engine-fresh-airtable-v2-base.json, make/blueprints/upload-asset-engine-v1.json, make/blueprints/upload-asset-engine-v2-with-file-hash-duplicate-check.json"
Submission Assets,Asset Slot Base,fldALREYJLGbCInMy,formula,65,40,61.54,HAS DEPENDENTS,referenced by 1 field(s)
Submission Assets,Upload Error,fldAkpl3cuzgz1jLP,multilineText,65,0,0.0,HAS DEPENDENTS,referenced by 1 field(s)
Submission Assets,Coach Feedback (from Video Feedback),fldKDM3fvJsbAnUCR,multipleLookupValues,65,28,43.08,REPO REFERENCED,"repo hits: tools/airtable/_preview/c025_stage17_prod_schema_manifest_source.json, make/blueprints/upload-asset-engine-fresh-airtable-v2-base.json, make/blueprints/upload-asset-engine-v1.json"
Submission Assets,XP Events copy,fld5Emwipb3UjAMz9,singleLineText,65,0,0.0,REPO REFERENCED,"repo hits: tools/airtable/_preview/c025_config_linkage_inspect.json, tools/airtable/_preview/c025_related_fields.json, tools/airtable/_preview/c025_stage17_prod_schema_manifest_source.json"
Submission Assets,Ready for Homework Completion Script?,fldYICCdWQ5xVcSk5,formula,65,65,100.0,REPO REFERENCED,"repo hits: tools/airtable/_preview/c023-dev-stage5-S5A-recF86pJTIMFoEypJ.json, tools/airtable/_preview/c023-dev-stage5-S5B-recF86pJTIMFoEypJ.json, tools/airtable/_preview/c023-dev-stage5-S5C-recF86pJTIMFoEypJ.json"
Submission Assets,Coach Feedback - LKP,fldFzYi5tKorpDzzm,multipleLookupValues,65,28,43.08,REPO REFERENCED,"repo hits: make/blueprints/upload-asset-engine-fresh-airtable-v2-base.json, make/blueprints/upload-asset-engine-v1.json, make/blueprints/upload-asset-engine-v2-with-file-hash-duplicate-check.json"
Submission Assets,Homework Name - Slot Correct,fldiqTrLE7N8gjsxL,formula,65,0,0.0,REPO REFERENCED,"repo hits: tools/airtable/_preview/c023-dev-stage5-S5I-rec1PzA7th0qJbsN4.json, make/blueprints/upload-asset-engine-fresh-airtable-v2-base.json, make/blueprints/upload-asset-engine-v1.json"
Submission Assets,Workflow Next Step,fldQDDzBS62Ow765c,formula,65,65,100.0,REPO REFERENCED,"repo hits: tools/airtable/_preview/c023-dev-stage5-S5A-recF86pJTIMFoEypJ.json, tools/airtable/_preview/c023-dev-stage5-S5B-recF86pJTIMFoEypJ.json, tools/airtable/_preview/c023-dev-stage5-S5C-recF86pJTIMFoEypJ.json"
Submission Assets,Why Not Ready for Make?,fldDJN1RrVyxiKrWu,formula,65,65,100.0,REPO REFERENCED,"repo hits: airtable/automations/shooting-challenge/013-submission-intake-create-or-link-video-feedback.js, tools/airtable/_preview/c013-dev-070b-prep-recF86pJTIMFoEypJ.json, tools/airtable/_preview/c013-dev-070b-prep-recOS6RBHoEsHGNak.json"
Submission Assets,Ready for Video Feedback Script?,fld2pkXIFSlyl2i3J,formula,65,65,100.0,REPO REFERENCED,"repo hits: tools/airtable/_preview/c023-dev-stage5-S5A-recF86pJTIMFoEypJ.json, tools/airtable/_preview/c023-dev-stage5-S5B-recF86pJTIMFoEypJ.json, tools/airtable/_preview/c023-dev-stage5-S5C-recF86pJTIMFoEypJ.json"
Submission Assets,Send to Make Trigger,fld8C43NVQQ1NeQ7Z,checkbox,65,0,0.0,HAS DEPENDENTS,referenced by 1 field(s)
Submission Assets,File Content Hash,fldMtYyiPhVWbQk6M,singleLineText,65,32,49.23,HAS DEPENDENTS,referenced by 1 field(s)
Submission Assets,File Hash Algorithm,fld2TBSzNI6bSkKZD,singleSelect,65,32,49.23,REPO REFERENCED,"repo hits: airtable/automations/shooting-challenge/070c-email-notifications-and-external-handoffs-verify-async-video-asset-upload.js, airtable/automations/shooting-challenge/lib/upload-make-lambda-response.js, airtable/automations/shooting-challenge/lib/upload-make-lambda-response.test.js"
Submission Assets,File Size Bytes,fldYbWjb8YI5BBIjr,number,65,32,49.23,REPO REFERENCED,"repo hits: tools/airtable/c013_prod_lambda_smoke_run.py, tools/airtable/c013_prod_make_smoke_run.py, tools/airtable/_probe_c013_asset_storage_fields.py"
Submission Assets,File MIME Type,fldm34cEAadeJRatz,singleLineText,65,32,49.23,REPO REFERENCED,"repo hits: tools/airtable/c013_prod_lambda_smoke_run.py, tools/airtable/c013_prod_make_smoke_run.py, tools/airtable/_probe_c013_asset_storage_fields.py"
Submission Assets,File is Duplicate?,fldtE66EBZwDHewbl,checkbox,65,0,0.0,HAS DEPENDENTS,referenced by 2 field(s)
Submission Assets,Duplicate File Status,fldQTwrLKa5YNTELl,singleSelect,65,32,49.23,HAS DEPENDENTS,referenced by 2 field(s)
Submission Assets,Duplicate Match Strength,fld1gOJTK0e3G8ulG,singleSelect,65,32,49.23,HAS DEPENDENTS,referenced by 2 field(s)
Submission Assets,Duplicate Match Notes,fldVkOPvB74HbFliP,multilineText,65,32,49.23,HAS DEPENDENTS,referenced by 2 field(s)
Submission Assets,Duplicate Checked At,fld2DtlvzpaC4gXr5,dateTime,65,32,49.23,REPO REFERENCED,"repo hits: tools/airtable/_probe_c013_asset_storage_fields.py, tools/make/patch_upload_engine_v2_hash_lookup.py, tools/airtable/_preview/c013-dev-4c-upload-recXUc3010h16Usmo.json"
Submission Assets,Duplicate Check Error,fld0mZJBFxJ3c0rbK,multilineText,65,0,0.0,REPO REFERENCED,"repo hits: tools/airtable/_probe_c013_asset_storage_fields.py, tools/make/patch_upload_engine_v2_hash_lookup.py, tools/airtable/_preview/c013-dev-4c-upload-recXUc3010h16Usmo.json"
Submission Assets,Duplicate Review Status,fld8C1Wfr0BCKNxpK,singleSelect,65,0,0.0,HAS DEPENDENTS,referenced by 2 field(s)
Submission Assets,Duplicate Match Record,fldsNazvec6r4mxoY,multipleRecordLinks,65,5,7.69,HAS DEPENDENTS,referenced by 2 field(s)
Submission Assets,Is True Video Feedback Asset?,fldt9uMc6pM717LjQ,formula,65,65,100.0,REPO REFERENCED,"repo hits: airtable/automations/shooting-challenge/073-email-notifications-and-external-handoffs-send-video-feedback-parent-email-webhook.js, tools/airtable/_preview/c023-dev-stage5-S5A-recF86pJTIMFoEypJ.json, tools/airtable/_preview/c023-dev-stage5-S5B-recF86pJTIMFoEypJ.json"
Submission Assets,Is Homework Upload Asset?,fldy8sCt6ttcMeLRD,formula,65,65,100.0,REPO REFERENCED,"repo hits: tools/airtable/_preview/c013-prod-smoke-T1-upload.json, tools/airtable/_preview/c023-dev-stage5-S5A-recF86pJTIMFoEypJ.json, tools/airtable/_preview/c023-dev-stage5-S5B-recF86pJTIMFoEypJ.json"
Submission Assets,From field: Duplicate Match Record,fldEr7Dmv42UjdMlO,multipleRecordLinks,65,5,7.69,REPO REFERENCED,"repo hits: tools/airtable/_preview/c023-dev-stage5-S5A-recF86pJTIMFoEypJ.json, tools/airtable/_preview/c023-dev-stage5-S5B-recF86pJTIMFoEypJ.json, tools/airtable/_preview/c023-dev-stage5-S5C-recF86pJTIMFoEypJ.json"
Submission Assets,Duplicate Resolution Last Applied Decision,fld7ffeugjG4GEIyG,singleLineText,65,0,0.0,REPO REFERENCED,"repo hits: airtable/automations/shooting-challenge/116-submission-assets-apply-asset-reuse-decision-consequences.js, tools/airtable/prod_116_fixture_run.py, tools/airtable/_preview/c023-dev-stage5-S5B-recF86pJTIMFoEypJ.json"
Submission Assets,Asset Reuse Decision,fldqfZZzwAMV2GUrU,singleSelect,65,32,49.23,REPO REFERENCED,"repo hits: airtable/automations/shooting-challenge/116-submission-assets-apply-asset-reuse-decision-consequences.js, tools/airtable/prod_116_fixture_run.py, tools/airtable/_preview/c013-dev-4c-after-recXUc3010h16Usmo.json"
Submission Assets,Duplicate Resolution Applied?,fldrhztRNhbbywKWZ,checkbox,65,0,0.0,REPO REFERENCED,"repo hits: airtable/automations/shooting-challenge/116-submission-assets-apply-asset-reuse-decision-consequences.js, tools/airtable/prod_116_fixture_run.py, tools/airtable/_preview/c023-dev-stage5-S5C-recF86pJTIMFoEypJ.json"
Submission Assets,Duplicate Resolution Applied At,fldqd0i2xAyKBz1eQ,dateTime,65,0,0.0,REPO REFERENCED,"repo hits: airtable/automations/shooting-challenge/116-submission-assets-apply-asset-reuse-decision-consequences.js, tools/airtable/prod_116_fixture_run.py, tools/airtable/_preview/c023-dev-stage5-S5B-recF86pJTIMFoEypJ.json"
Submission Assets,Duplicate Resolution Error,fldMm8X0sRDABfjhH,multilineText,65,0,0.0,REPO REFERENCED,"repo hits: airtable/automations/shooting-challenge/116-submission-assets-apply-asset-reuse-decision-consequences.js, tools/airtable/prod_116_fixture_run.py, tools/airtable/_preview/prod_116_capture_baseline.py"
Submission Assets,Asset Reuse Review Notes,fldhk04eejmVlgwJa,multilineText,65,0,0.0,REPO REFERENCED,"repo hits: airtable/automations/shooting-challenge/116-submission-assets-apply-asset-reuse-decision-consequences.js, tools/airtable/_preview/c013-dev-h3-matrix-H3b-recL5y7uGhDgpBgzH.json, tools/airtable/_preview/c013-dev-h3-matrix-H3c-recgDL7dqsS1J1LUl.json"
Submission Assets,Storage Key,fldJWFKe8ZT3TrSKQ,singleLineText,65,32,49.23,HAS DEPENDENTS,referenced by 1 field(s)
Submission Assets,Upload Claim Run ID,fldn8lZ7xBvAq1krd,singleLineText,65,32,49.23,REPO REFERENCED,"repo hits: airtable/automations/shooting-challenge/070a-email-notifications-and-external-handoffs-send-homework-asset-payload-to-make.js, airtable/automations/shooting-challenge/070b-email-notifications-and-external-handoffs-send-video-asset-payload-to-make.js, tools/airtable/c013_prod_lambda_smoke_run.py"
Submission Assets,Potential Asset Reuse?,fld2zhQb5iVz96UuK,checkbox,65,1,1.54,REPO REFERENCED,"repo hits: tools/airtable/_preview/c013-dev-4c-after-recXUc3010h16Usmo.json, tools/airtable/_preview/c013-dev-4c-before-recXUc3010h16Usmo.json, tools/airtable/_preview/c013-dev-4c-upload-recXUc3010h16Usmo.json"
Submission Assets,Exact Hash Match Found?,fldfM8Ldj59L1dG7L,checkbox,65,5,7.69,REPO REFERENCED,"repo hits: tools/airtable/_preview/c013-dev-4c-after-recXUc3010h16Usmo.json, tools/airtable/_preview/c013-dev-4c-before-recXUc3010h16Usmo.json, tools/airtable/_preview/c013-dev-4c-upload-recXUc3010h16Usmo.json"
Submission Assets,Same Enrollment Match Found?,fldabGRmQrBtDLYgw,checkbox,65,1,1.54,REPO REFERENCED,"repo hits: tools/airtable/_preview/c013-dev-4c-after-recXUc3010h16Usmo.json, tools/airtable/_preview/c013-dev-4c-before-recXUc3010h16Usmo.json, tools/airtable/_preview/c013-dev-4c-upload-recXUc3010h16Usmo.json"
Submission Assets,Processing Started At,fldywLcrtNDHTjMNy,dateTime,65,32,49.23,REPO REFERENCED,"repo hits: airtable/automations/shooting-challenge/070a-email-notifications-and-external-handoffs-send-homework-asset-payload-to-make.js, airtable/automations/shooting-challenge/070b-email-notifications-and-external-handoffs-send-video-asset-payload-to-make.js, tools/airtable/c013_prod_lambda_smoke_run.py"
Submission Assets,Asset Reuse Review Summary,fldrPhKDPYCvJuQgA,multilineText,65,5,7.69,REPO REFERENCED,"repo hits: tools/airtable/_preview/c013-dev-4c-after-recXUc3010h16Usmo.json, tools/airtable/_preview/c013-dev-4c-before-recXUc3010h16Usmo.json, tools/airtable/_preview/c013-dev-4c-upload-recXUc3010h16Usmo.json"
Submission Assets,Asset Reuse Reviewed By,fldspUPGY98Lk2vJ1,singleLineText,65,0,0.0,REPO REFERENCED,repo hits: tools/airtable/_preview/pv2_sa_field_validation.py
Submission Assets,Asset Sequence,flddIy05bZ4kbeiQw,number,65,0,0.0,REPO REFERENCED,repo hits: tools/airtable/_preview/pv2_sa_field_validation.py
Submission Assets,Asset Reuse Reviewed At,fldi9xxvKNmbheuYq,dateTime,65,0,0.0,REPO REFERENCED,"repo hits: tools/airtable/_preview/c013-dev-h3-matrix-H3b-recL5y7uGhDgpBgzH.json, tools/airtable/_preview/c013-dev-h3-matrix-H3c-recgDL7dqsS1J1LUl.json, tools/airtable/_preview/c013-dev-h3-matrix-H3d-rec9JAtfj0MMp3Tua.json"
Submission Assets,Upload Naming Status,fldPPH7Bsus0H3qAU,singleSelect,65,0,0.0,REPO REFERENCED,"repo hits: tools/airtable/_probe_c013_asset_storage_fields.py, tools/airtable/_preview/c013-prod-baseline-before-fields.json, tools/airtable/_preview/c013-prod-baseline.json"
Submission Assets,Video Feedback Focus,fldacWk7LGHsx8tL0,singleSelect,65,0,0.0,REPO REFERENCED,"repo hits: airtable/automations/shooting-challenge/115-engineering-test-framework-run-testing-scenario-daily-submission.js, tools/airtable/_foundation_create_testing_scenarios.py, tools/testing/tests/run_115_script.mjs"
Submission Assets,Asset Reuse Review Primary Reason,fldKtBYKQd8LZqhfh,singleSelect,65,1,1.54,REPO REFERENCED,"repo hits: tools/airtable/_preview/c013-dev-4c-after-recXUc3010h16Usmo.json, tools/airtable/_preview/c013-dev-4c-before-recXUc3010h16Usmo.json, tools/airtable/_preview/c013-dev-4c-upload-recXUc3010h16Usmo.json"
Submission Assets,Asset Reuse Review Reasons,fldMRa3nppGxTGaPP,multipleSelects,65,1,1.54,REPO REFERENCED,"repo hits: tools/airtable/_preview/c013-dev-4c-after-recXUc3010h16Usmo.json, tools/airtable/_preview/c013-dev-4c-before-recXUc3010h16Usmo.json, tools/airtable/_preview/c013-dev-4c-upload-recXUc3010h16Usmo.json"
Submission Assets,Duplicate Match Records (All),fldoLkhHvFUlLIKGw,multipleRecordLinks,65,1,1.54,REPO REFERENCED,"repo hits: tools/airtable/_preview/c013-dev-4c-after-recXUc3010h16Usmo.json, tools/airtable/_preview/c013-dev-4c-before-recXUc3010h16Usmo.json, tools/airtable/_preview/c013-dev-4c-upload-recXUc3010h16Usmo.json"
Submission Assets,From field: Duplicate Match Records (All),fldNeyuvotRnbcR9a,multipleRecordLinks,65,1,1.54,REPO REFERENCED,"repo hits: tools/airtable/_preview/c023-dev-stage5-S5A-recF86pJTIMFoEypJ.json, tools/airtable/_preview/c023-dev-stage5-S5B-recF86pJTIMFoEypJ.json, tools/airtable/_preview/c023-dev-stage5-S5C-recF86pJTIMFoEypJ.json"
Submission Assets,Reviewer Access Token,fld2aYa5dbQaGXDdC,singleLineText,65,32,49.23,HAS DEPENDENTS,referenced by 1 field(s)
Submission Assets,Canonical File URL,fldlVW1gGgnBI697v,url,65,24,36.92,HAS DEPENDENTS,referenced by 1 field(s)
XP Events,XP Event Display,fldi8KtYuFK8QBjKP,formula,282,282,100.0,REPO REFERENCED,"repo hits: tools/airtable/_preview/c023-dev-stage5-S5A-recF86pJTIMFoEypJ.json, tools/airtable/_preview/c023-dev-stage5-S5B-recF86pJTIMFoEypJ.json, tools/airtable/_preview/c023-dev-stage5-S5C-recF86pJTIMFoEypJ.json"
XP Events,Created,fldWS2Zgu3VNCDOu5,createdTime,282,282,100.0,REPO REFERENCED,repo hits: tools/airtable/_preview/c025_stage17_prod_schema_manifest_source.json
XP Events,XP Activity Date,fldxVAackD0buQIba,dateTime,282,246,87.23,HAS DEPENDENTS,referenced by 1 field(s)
XP Events,XP Activity Date Source,fld2RfGVwOBl619gU,singleSelect,282,240,85.11,REPO REFERENCED,"repo hits: airtable/automations/shooting-challenge/010-submission-intake-create-xp-event.js, airtable/automations/shooting-challenge/035-weekly-summary-and-goal-logic-create-weekly-threshold-xp-events.js, airtable/automations/shooting-challenge/054-achievements-and-milestones-streak-occurrences-create-or-repair-streak-xp-event.js"
XP Events,Zoom Meeting,fldyFpo1i4yV85l4x,multipleRecordLinks,282,0,0.0,HAS DEPENDENTS,referenced by 2 field(s)
XP Events,XP Events RID,fldNXtFzUrdSrPz2l,formula,282,282,100.0,REPO REFERENCED,"repo hits: tools/airtable/_preview/c023-dev-stage5-S5A-recF86pJTIMFoEypJ.json, tools/airtable/_preview/c023-dev-stage5-S5B-recF86pJTIMFoEypJ.json, tools/airtable/_preview/c023-dev-stage5-S5C-recF86pJTIMFoEypJ.json"
XP Events,Submission,fldVWYcwMnJd01Lko,multipleRecordLinks,282,203,71.99,HAS DEPENDENTS,referenced by 5 field(s)
XP Events,Week,fldND2zY07dQHygJL,multipleRecordLinks,282,12,4.26,HAS DEPENDENTS,referenced by 5 field(s)
XP Events,XP Dedupe Key,fld6Ey3SBbzxWXiAo,formula,282,282,100.0,REPO REFERENCED,"repo hits: airtable/automations/shooting-challenge/114-video-review-and-xp-create-or-update-video-xp-event.js, tools/airtable/export_airtable_schema.py, tools/airtable/overnight_config_xp_analyze.py"
XP Events,XP Bucket,fldOQBVTSNODRhRcd,singleSelect,282,282,100.0,HAS DEPENDENTS,referenced by 4 field(s)
XP Events,Homework Completion,fldPl5VKHznvYwJtg,multipleRecordLinks,282,6,2.13,HAS DEPENDENTS,referenced by 2 field(s)
XP Events,Submission Record ID,fldynYOPp5CRrb6pb,multipleLookupValues,282,203,71.99,HAS DEPENDENTS,referenced by 1 field(s)
XP Events,Achievement Unlock,fldfxic1XHlipDqET,multipleRecordLinks,282,26,9.22,HAS DEPENDENTS,referenced by 2 field(s)
XP Events,Enrollment,fldOhbn1yIJLQOWHm,multipleRecordLinks,282,282,100.0,HAS DEPENDENTS,referenced by 7 field(s)
XP Events,Weekly Athlete Summary,flddGQd4FJQNn0OkY,multipleRecordLinks,282,279,98.94,HAS DEPENDENTS,referenced by 4 field(s)
XP Events,XP Source,fldjpB3lkXSV6apkp,singleSelect,282,282,100.0,HAS DEPENDENTS,referenced by 6 field(s)
XP Events,XP Points,fldlrFv6WaqSprjYk,number,282,282,100.0,HAS DEPENDENTS,referenced by 5 field(s)
XP Events,XP Reason Debug,fldEtmGC6JcpZouP0,multilineText,282,260,92.2,REPO REFERENCED,"repo hits: airtable/automations/shooting-challenge/010-submission-intake-create-xp-event.js, airtable/automations/shooting-challenge/035-weekly-summary-and-goal-logic-create-weekly-threshold-xp-events.js, airtable/automations/shooting-challenge/059-achievements-and-milestones-create-xp-event-from-achievement-unlock.js"
XP Events,Active?,fldIp6N4ppccSX1Ot,checkbox,282,257,91.13,HAS DEPENDENTS,referenced by 4 field(s)
XP Events,Processed,fldnaCiqKV4LtoWtS,checkbox,282,51,18.09,REPO REFERENCED,"repo hits: airtable/automations/shooting-challenge/035-weekly-summary-and-goal-logic-create-weekly-threshold-xp-events.js, airtable/automations/shooting-challenge/053-achievements-and-milestones-streak-occurrences-rebuild-and-upsert-from-submissions.js, airtable/automations/shooting-challenge/054-achievements-and-milestones-streak-occurrences-create-or-repair-streak-xp-event.js"
XP Events,Award Mode,fldTtWFH1vIcEoy0x,singleSelect,282,37,13.12,REPO REFERENCED,"repo hits: airtable/automations/shooting-challenge/054-achievements-and-milestones-streak-occurrences-create-or-repair-streak-xp-event.js, airtable/automations/shooting-challenge/059-achievements-and-milestones-create-xp-event-from-achievement-unlock.js, airtable/automations/shooting-challenge/101-zoom-attendance-xp-award-meeting-xp.js"
XP Events,Awarded By,fldqo1rserMRSFlaM,singleLineText,282,43,15.25,REPO REFERENCED,"repo hits: airtable/automations/shooting-challenge/035-weekly-summary-and-goal-logic-create-weekly-threshold-xp-events.js, airtable/automations/shooting-challenge/101-zoom-attendance-xp-award-meeting-xp.js, airtable/automations/shooting-challenge/drafts/sc-147-zoom-recording-half-xp.js"
XP Events,Shot Milestones,fld7RDrBn8Ffhp8ER,multipleRecordLinks,282,20,7.09,REPO REFERENCED,"repo hits: airtable/automations/shooting-challenge/059-achievements-and-milestones-create-xp-event-from-achievement-unlock.js, airtable/automations/shooting-challenge/064-homework-review-and-xp-prepare-homework-xp-award.js, airtable/automations/shooting-challenge/066-achievements-and-milestones-create-shot-milestone-unlocks.js"
XP Events,Source Key,fldEz2RLvrYqyj2vB,singleLineText,282,282,100.0,HAS DEPENDENTS,referenced by 6 field(s)
XP Events,Video Feedback,fldw2uzNagvapLcXp,multipleRecordLinks,282,29,10.28,HAS DEPENDENTS,referenced by 1 field(s)
XP Events,Weekly Summary Key,fldl335VjIWYVSlic,formula,282,282,100.0,REPO REFERENCED,"repo hits: tools/airtable/export_airtable_schema.py, tools/testing/probe_schmidt_control_center.mjs, tools/testing/tests/run_010_script.mjs"
XP Events,XP Dedupe Key Normalized,fldf97tsIG1QErtEF,formula,282,282,100.0,REPO REFERENCED,"repo hits: airtable/automations/shooting-challenge/114-video-review-and-xp-create-or-update-video-xp-event.js, tools/airtable/export_airtable_schema.py, tools/airtable/run_final_090_audits.py"
XP Events,Week Record ID,fldSGoN2adV8JXVYe,multipleLookupValues,282,12,4.26,HAS DEPENDENTS,referenced by 1 field(s)
XP Events,Enrollment Record ID,fldRXY0HwfMxkv6cT,multipleLookupValues,282,282,100.0,HAS DEPENDENTS,referenced by 2 field(s)
XP Events,Streak Occurrence,fld2CP0yc4yZvxCWF,multipleRecordLinks,282,8,2.84,HAS DEPENDENTS,referenced by 2 field(s)
XP Events,Streak Occurrence Key,fldYtFEPeNN77BbsP,multipleLookupValues,282,8,2.84,HAS DEPENDENTS,referenced by 1 field(s)
XP Events,Event Identity ID,fldhPtSNanDsK9E9P,formula,282,282,100.0,HAS DEPENDENTS,referenced by 2 field(s)
XP Events,Duplicate Count,fldWdDRbWt9LzDsCs,number,282,0,0.0,HAS DEPENDENTS,referenced by 1 field(s)
XP Events,Duplicate Status,fldc9USqXqgok8K7k,singleSelect,282,0,0.0,HAS DEPENDENTS,referenced by 1 field(s)
XP Events,Keep Record?,fldaZ3488Yj6KqhOf,checkbox,282,0,0.0,REPO REFERENCED,"repo hits: tools/airtable/_preview/c025_related_fields.json, tools/airtable/_preview/c025_stage17_prod_schema_manifest_source.json"
XP Events,Approved for Delete,fldTnFXgFCk5TKea5,checkbox,282,0,0.0,REPO REFERENCED,repo hits: tools/airtable/_preview/c025_stage17_prod_schema_manifest_source.json
XP Events,Needs Dedupe Review,fldTyULkslDhO5Ky6,formula,282,0,0.0,REPO REFERENCED,repo hits: tools/airtable/_preview/c025_stage17_prod_schema_manifest_source.json
XP Events,Date - Submission Base Activity,fldvA0LSFK6uDlreq,multipleLookupValues,282,203,71.99,HAS DEPENDENTS,referenced by 1 field(s)
XP Events,XP Date Resolved,fldvh9pv1oTIp24IJ,formula,282,282,100.0,REPO REFERENCED,"repo hits: tools/testing/agent2_enrollment_xp_inventory.mjs, tools/testing/agent2_fix_xp_date_resolved_formula.mjs, tools/testing/agent2_foundation_probe.mjs"
XP Events,Date - Homework Submission Activity,fldl6CyUiKYtqvHfz,multipleLookupValues,282,6,2.13,HAS DEPENDENTS,referenced by 1 field(s)
XP Events,Date - Video Submission Activity,fldXH9MGmbeE6Y7OS,multipleLookupValues,282,28,9.93,HAS DEPENDENTS,referenced by 1 field(s)
XP Events,Date - Streak End,fldHvhlnWHKlvNQDW,multipleLookupValues,282,8,2.84,HAS DEPENDENTS,referenced by 1 field(s)
XP Events,Date - Achievement Unlock,fldfOBZ6TB0ifLZXx,multipleLookupValues,282,0,0.0,HAS DEPENDENTS,referenced by 1 field(s)
XP Events,Date - Weekly Summary End,fldbyfXAlNtDtEc6q,multipleLookupValues,282,12,4.26,HAS DEPENDENTS,referenced by 1 field(s)
XP Events,Date - Zoom Meeting,fldoP1I4zEXKF70DC,multipleLookupValues,282,0,0.0,HAS DEPENDENTS,referenced by 1 field(s)
XP Events,XP Reason Public,fldyFvqWFuwnE4zNN,multilineText,282,274,97.16,REPO REFERENCED,"repo hits: airtable/automations/shooting-challenge/010-submission-intake-create-xp-event.js, airtable/automations/shooting-challenge/035-weekly-summary-and-goal-logic-create-weekly-threshold-xp-events.js, airtable/automations/shooting-challenge/054-achievements-and-milestones-streak-occurrences-create-or-repair-streak-xp-event.js"
XP Events,Awarded At,fldBrLHMxrNzJflPp,dateTime,282,18,6.38,REPO REFERENCED,"repo hits: airtable/automations/shooting-challenge/059-achievements-and-milestones-create-xp-event-from-achievement-unlock.js, airtable/automations/shooting-challenge/101-zoom-attendance-xp-award-meeting-xp.js, tools/testing/award_perfect_week_059.mjs"
XP Events,Date - Shot Milestone Activity,fldjNc2VdVl96AShM,multipleLookupValues,282,20,7.09,HAS DEPENDENTS,referenced by 1 field(s)
XP Events,XP Award Status,fldi8PBuKxSjEeX6Q,singleLineText,282,8,2.84,REPO REFERENCED,"repo hits: airtable/automations/shooting-challenge/010-submission-intake-create-xp-event.js, airtable/automations/shooting-challenge/054-achievements-and-milestones-streak-occurrences-create-or-repair-streak-xp-event.js, airtable/automations/shooting-challenge/058-achievements-and-milestones-create-perfect-week-unlock.js"
XP Events,XP Event RID,fldsQS6ZFPu2Vkoeb,formula,282,282,100.0,REPO REFERENCED,"repo hits: tools/airtable/_preview/c023-dev-stage5-S5A-recF86pJTIMFoEypJ.json, tools/airtable/_preview/c023-dev-stage5-S5B-recF86pJTIMFoEypJ.json, tools/airtable/_preview/c023-dev-stage5-S5C-recF86pJTIMFoEypJ.json"
XP Events,Active XP Points,fldGCVRPYV76R2pPH,formula,282,282,100.0,HAS DEPENDENTS,referenced by 2 field(s)
XP Events,Homework XP Event Signature,fldDDgmXynjnMLWAg,formula,282,282,100.0,HAS DEPENDENTS,referenced by 1 field(s)
XP Events,Reconciliation Source Signature,fldQYYHncRXaEfRG6,formula,282,282,100.0,HAS DEPENDENTS,referenced by 1 field(s)
XP Events,Zoom XP Event Signature,fldu792fQmBVtU9vI,formula,282,282,100.0,HAS DEPENDENTS,referenced by 1 field(s)
XP Events,Record Id,fldJXKG1QNgevolIs,formula,282,282,100.0,REPO REFERENCED,"repo hits: web/lib/airtable/homework-queries.test.ts, web/lib/airtable/public-rest-fixtures.ts, web/lib/airtable/registering-program-instance.ts"
Athlete Achievement Unlocks,Achievement Unlock Display,fldyJBYsFkbeIhco5,formula,38,38,100.0,ACTIVE / KEEP,100.00% populated
Athlete Achievement Unlocks,Achievement Type,fldmWVXm2PgkE84XH,multipleLookupValues,38,38,100.0,REPO REFERENCED,"repo hits: web/scripts/full-xp-reconciliation.mjs, web/lib/airtable/queries.ts, web/lib/data/achievements.ts"
Athlete Achievement Unlocks,Shot Milestone,fldop6wVgfxwKck0h,multipleRecordLinks,38,31,81.58,HAS DEPENDENTS,referenced by 1 field(s)
Athlete Achievement Unlocks,XP Award Status,fldHUsIkp3hF8W5kd,singleSelect,38,38,100.0,HAS DEPENDENTS,referenced by 1 field(s)
Athlete Achievement Unlocks,Active?,fldmDBm7IIP2yTGaA,checkbox,38,36,94.74,ACTIVE / KEEP,94.74% populated
Athlete Achievement Unlocks,Source Status,fldcoqd7mKVjXqO1V,singleSelect,38,7,18.42,REPO REFERENCED,"repo hits: airtable/automations/shooting-challenge/053-achievements-and-milestones-streak-occurrences-rebuild-and-upsert-from-submissions.js, airtable/automations/shooting-challenge/054-achievements-and-milestones-streak-occurrences-create-or-repair-streak-xp-event.js, airtable/automations/shooting-challenge/058-achievements-and-milestones-create-perfect-week-unlock.js"
Athlete Achievement Unlocks,XP Events,fldnxSYwXBl2q61Aa,multipleRecordLinks,38,26,68.42,HAS DEPENDENTS,referenced by 1 field(s)
Athlete Achievement Unlocks,Unlock Key,fld5yPKklaMYQbxyO,formula,38,38,100.0,REPO REFERENCED,"repo hits: airtable/automations/shooting-challenge/059-achievements-and-milestones-create-xp-event-from-achievement-unlock.js, airtable/automations/shooting-challenge/066-achievements-and-milestones-create-shot-milestone-unlocks.js, airtable/automations/shooting-challenge/lib/v2-engine-contracts.js"
Athlete Achievement Unlocks,Enrollment,fldxCHW5Yc4kahb4Z,multipleRecordLinks,38,38,100.0,HAS DEPENDENTS,referenced by 4 field(s)
Athlete Achievement Unlocks,Athlete,fld769C6BlHcHjAcK,multipleLookupValues,38,38,100.0,ACTIVE / KEEP,100.00% populated
Athlete Achievement Unlocks,Achievement,fldeeKnA7u6p3AoqV,multipleRecordLinks,38,38,100.0,HAS DEPENDENTS,referenced by 7 field(s)
Athlete Achievement Unlocks,Week,fldnsr1zuKjy17fxV,multipleRecordLinks,38,13,34.21,HAS DEPENDENTS,referenced by 2 field(s)
Athlete Achievement Unlocks,Date Unlocked,fldEHWSxRnRpChU8s,dateTime,38,0,0.0,HAS DEPENDENTS,referenced by 2 field(s)
Athlete Achievement Unlocks,XP Awarded,fldTbTn6dvrI0izps,number,38,36,94.74,REPO REFERENCED,"repo hits: airtable/automations/shooting-challenge/059-achievements-and-milestones-create-xp-event-from-achievement-unlock.js, airtable/automations/shooting-challenge/064-homework-review-and-xp-prepare-homework-xp-award.js, airtable/automations/shooting-challenge/065-homework-review-and-xp-create-homework-xp-event.js"
Athlete Achievement Unlocks,Display in Weekly Email?,fld9eYD5ISiXcvIda,checkbox,38,0,0.0,EMPTY — REVIEW,empty with no verified deps; confirm product intent
Athlete Achievement Unlocks,Display in Dashboard?,fldyhj3t1MSUrxU95,checkbox,38,38,100.0,ACTIVE / KEEP,100.00% populated
Athlete Achievement Unlocks,First Time Unlock?,fldUpjGZn1SXBW4v7,checkbox,38,0,0.0,EMPTY — REVIEW,empty with no verified deps; confirm product intent
Athlete Achievement Unlocks,Repeat Unlock Count,fldXdbgTlZs1Yxmq0,number,38,0,0.0,EMPTY — REVIEW,empty with no verified deps; confirm product intent
Athlete Achievement Unlocks,Category,fld0gb6Z0qqL77PKG,multipleLookupValues,38,38,100.0,REPO REFERENCED,"repo hits: airtable/automations/shooting-challenge/116-submission-assets-apply-asset-reuse-decision-consequences.js, web/scripts/full-xp-reconciliation.mjs, web/types/tutorials.ts"
Athlete Achievement Unlocks,Visible?,fldSqX2PIiinYnrQs,multipleLookupValues,38,38,100.0,REPO REFERENCED,"repo hits: web/scripts/full-xp-reconciliation.mjs, web/lib/airtable/queries.ts, web/lib/data/achievements.ts"
Athlete Achievement Unlocks,Rarity,fldbgxZRLjfSXjRbr,multipleLookupValues,38,0,0.0,ACTIVE / KEEP,0.00% populated
Athlete Achievement Unlocks,Week Summary,fldXpg643NIopvFnH,singleLineText,38,0,0.0,EMPTY — REVIEW,empty with no verified deps; confirm product intent
Athlete Achievement Unlocks,Trigger Value,fldJdwCBRQt1cjN7A,number,38,0,0.0,REPO REFERENCED,"repo hits: web/lib/airtable/queries.ts, web/lib/data/public-athlete-profile.ts"
Athlete Achievement Unlocks,Trigger Context,fldFduxf8Az6vbRt5,multilineText,38,10,26.32,ACTIVE / KEEP,26.32% populated
Athlete Achievement Unlocks,Included in Summary?,fldr1YE2EEIZEB5Ad,checkbox,38,38,100.0,ACTIVE / KEEP,100.00% populated
Athlete Achievement Unlocks,Coach Note,fld8r3TVAnHcFsEPE,multilineText,38,6,15.79,REPO REFERENCED,"repo hits: airtable/automations/shooting-challenge/058-achievements-and-milestones-create-perfect-week-unlock.js, airtable/automations/shooting-challenge/059-achievements-and-milestones-create-xp-event-from-achievement-unlock.js, tools/season_simulation/constants.py"
Athlete Achievement Unlocks,Streak Instance Key,fld8wlool8tiLZEIE,singleLineText,38,0,0.0,REPO REFERENCED,"repo hits: tools/airtable/export_airtable_schema.py, tools/airtable/overnight_achievement_unlock_audit.py"
Athlete Achievement Unlocks,Streak Start Date,fldHuhkA1vRHwfEXh,date,38,0,0.0,HAS DEPENDENTS,referenced by 1 field(s)
Athlete Achievement Unlocks,XP Events copy,fldWnU9gJCsTmTLpK,singleLineText,38,0,0.0,REPO REFERENCED,"repo hits: tools/airtable/_preview/c025_config_linkage_inspect.json, tools/airtable/_preview/c025_related_fields.json, tools/airtable/_preview/c025_stage17_prod_schema_manifest_source.json"
Athlete Achievement Unlocks,Weekly Athlete Summary,fldcplpAaSHYEMa3C,multipleRecordLinks,38,14,36.84,REPO REFERENCED,"repo hits: airtable/automations/shooting-challenge/010-submission-intake-create-xp-event.js, airtable/automations/shooting-challenge/020-homework-link-or-create-homework-completion.js, airtable/automations/shooting-challenge/030-weekly-summary-and-goal-logic-copy-enrollment-grade-band-to-weekly-summary.js"
Athlete Achievement Unlocks,Milestone Source Key,fldHwWWMESmhYX2Da,singleLineText,38,38,100.0,REPO REFERENCED,"repo hits: airtable/automations/shooting-challenge/058-achievements-and-milestones-create-perfect-week-unlock.js, airtable/automations/shooting-challenge/059-achievements-and-milestones-create-xp-event-from-achievement-unlock.js, airtable/automations/shooting-challenge/066-achievements-and-milestones-create-shot-milestone-unlocks.js"
Athlete Achievement Unlocks,Ready for 059 XP?,fldqXvC2AZ0q045Ti,formula,38,38,100.0,REPO REFERENCED,"repo hits: airtable/automations/shooting-challenge/059-achievements-and-milestones-create-xp-event-from-achievement-unlock.js, tools/testing/award_perfect_week_059.mjs, tools/testing/probe_adjacent_achievements.mjs"
Athlete Achievement Unlocks,Milestone Activity Date,fldJePXhpRtjKNAlb,dateTime,38,31,81.58,HAS DEPENDENTS,referenced by 2 field(s)
Athlete Achievement Unlocks,Achievement Unlock Display - RID,fldm9LiINZvUIWG2C,formula,38,38,100.0,ACTIVE / KEEP,100.00% populated
Athlete Achievement Unlocks,Unlock Source Date,fldSM4B2zP7o1A2t0,formula,38,31,81.58,ACTIVE / KEEP,81.58% populated
Streak Occurrences,Streak Occurrence Name,fldYynVjG0B9dfs68,formula,8,8,100.0,ACTIVE / KEEP,100.00% populated
Streak Occurrences,Record Id,fldM9E6VaCjTGvxov,formula,8,8,100.0,REPO REFERENCED,"repo hits: web/lib/airtable/homework-queries.test.ts, web/lib/airtable/public-rest-fixtures.ts, web/lib/airtable/registering-program-instance.ts"
Streak Occurrences,XP Events,fldQXrDK7TivJ9DIZ,multipleRecordLinks,8,8,100.0,REPO REFERENCED,"repo hits: airtable/automations/shooting-challenge/010-submission-intake-create-xp-event.js, airtable/automations/shooting-challenge/031-weekly-summary-and-goal-logic-find-or-create-weekly-athlete-summary-from-submission.js, airtable/automations/shooting-challenge/035-weekly-summary-and-goal-logic-create-weekly-threshold-xp-events.js"
Streak Occurrences,Active?,fld74jFfDfp1huinA,checkbox,8,0,0.0,HAS DEPENDENTS,referenced by 1 field(s)
Streak Occurrences,Enrollment,fldq1NyyZe71Xxjvr,multipleRecordLinks,8,8,100.0,HAS DEPENDENTS,referenced by 2 field(s)
Streak Occurrences,Achievement,fldlyvz2Uk9u7AImn,multipleRecordLinks,8,8,100.0,HAS DEPENDENTS,referenced by 2 field(s)
Streak Occurrences,Achievement Key,fld9f6SBfw4m58qOI,multipleLookupValues,8,8,100.0,HAS DEPENDENTS,referenced by 1 field(s)
Streak Occurrences,Streak Days,fldgtic43J4s14jbK,number,8,8,100.0,HAS DEPENDENTS,referenced by 1 field(s)
Streak Occurrences,Streak Start Date,fld3PLLvMlzz2KSPD,date,8,8,100.0,REPO REFERENCED,"repo hits: airtable/automations/shooting-challenge/053-achievements-and-milestones-streak-occurrences-rebuild-and-upsert-from-submissions.js, tools/airtable/debug_dayton_streak.py"
Streak Occurrences,Streak End Date,fld0xqXER4sVq2jhr,date,8,8,100.0,HAS DEPENDENTS,referenced by 3 field(s)
Streak Occurrences,Awarded At,fldcrBn2NTdCjmG8F,createdTime,8,8,100.0,REPO REFERENCED,"repo hits: airtable/automations/shooting-challenge/059-achievements-and-milestones-create-xp-event-from-achievement-unlock.js, airtable/automations/shooting-challenge/101-zoom-attendance-xp-award-meeting-xp.js, tools/testing/award_perfect_week_059.mjs"
Streak Occurrences,Week,fldmtG66BIfAPqtk3,multipleRecordLinks,8,0,0.0,REPO REFERENCED,repo hits: tools/airtable/_preview/c025_stage17_prod_schema_manifest_source.json
Streak Occurrences,Challenge / Season,fldltgFPGVXHwRj4X,singleLineText,8,0,0.0,EMPTY — REVIEW,empty with no verified deps; confirm product intent
Streak Occurrences,Source Status,fldwKO0ZF2dkI2ix2,singleSelect,8,8,100.0,REPO REFERENCED,"repo hits: airtable/automations/shooting-challenge/053-achievements-and-milestones-streak-occurrences-rebuild-and-upsert-from-submissions.js, airtable/automations/shooting-challenge/054-achievements-and-milestones-streak-occurrences-create-or-repair-streak-xp-event.js, airtable/automations/shooting-challenge/058-achievements-and-milestones-create-perfect-week-unlock.js"
Streak Occurrences,Notes,fldv8mFyd11gZBkkL,multilineText,8,8,100.0,ACTIVE / KEEP,100.00% populated
Streak Occurrences,Enrollment Record ID,fldB7hH4dfBlYMkiu,multipleLookupValues,8,8,100.0,HAS DEPENDENTS,referenced by 1 field(s)
Streak Occurrences,Streak Date Key,fldp4sXrHcO2tMZV8,formula,8,8,100.0,HAS DEPENDENTS,referenced by 1 field(s)
Streak Occurrences,Streak Occurrence Key,fldetuPZCoQzFbulB,formula,8,8,100.0,HAS DEPENDENTS,referenced by 1 field(s)
Streak Occurrences,Source Submission Date,fldpzbwdbCzaca6Yp,dateTime,8,8,100.0,REPO REFERENCED,repo hits: airtable/automations/shooting-challenge/053-achievements-and-milestones-streak-occurrences-rebuild-and-upsert-from-submissions.js
Streak Occurrences,Trigger Submission Date,fld5FvNWdjW5TH1hq,dateTime,8,8,100.0,REPO REFERENCED,repo hits: airtable/automations/shooting-challenge/053-achievements-and-milestones-streak-occurrences-rebuild-and-upsert-from-submissions.js
Streak Occurrences,Backfill Run Label,fldBFDl629arXFcnp,singleLineText,8,0,0.0,EMPTY — REVIEW,empty with no verified deps; confirm product intent
Streak Occurrences,Last Evaluated At,flduVB3W0qpuyeGFr,dateTime,8,8,100.0,REPO REFERENCED,"repo hits: airtable/automations/shooting-challenge/053-achievements-and-milestones-streak-occurrences-rebuild-and-upsert-from-submissions.js, airtable/automations/shooting-challenge/054-achievements-and-milestones-streak-occurrences-create-or-repair-streak-xp-event.js"
Streak Occurrences,Gate Eligible Streak Days,fldHIIpPhhSzASswj,formula,8,0,0.0,HAS DEPENDENTS,referenced by 1 field(s)
Streak Occurrences,Created Time,fldpekzzNPwsMhvJT,createdTime,8,8,100.0,REPO REFERENCED,"repo hits: tools/season_simulation/preflight.py, tools/airtable/_preview/c023-dev-stage5-S5A-recF86pJTIMFoEypJ.json, tools/airtable/_preview/c023-dev-stage5-S5B-recF86pJTIMFoEypJ.json"
Weekly Athlete Summary,Weekly Athlete Summary - Display,fldSjFnZpuBfkoCja,formula,33,33,100.0,REPO REFERENCED,"repo hits: tools/testing/ops_email_readiness_probe.mjs, tools/airtable/_preview/c025_stage17_prod_schema_manifest_source.json"
Weekly Athlete Summary,RecordId,fldnYfLX5DuNsO3SX,formula,33,33,100.0,REPO REFERENCED,"repo hits: airtable/automations/shooting-challenge/001-enrollment-intake-and-setup-find-or-create-athlete-and-link-enrollment.js, airtable/automations/shooting-challenge/002-enrollment-intake-and-setup-assign-grade-band-initial.js, airtable/automations/shooting-challenge/003-enrollment-intake-and-setup-assign-grade-band-if-grade-changes.js"
Weekly Athlete Summary,Week,fldNUSqzr3H0PE5Ex,multipleRecordLinks,33,6,18.18,HAS DEPENDENTS,referenced by 10 field(s)
Weekly Athlete Summary,Homework,fld3h3FZAoEVvDM4q,multipleRecordLinks,33,8,24.24,HAS DEPENDENTS,referenced by 1 field(s)
Weekly Athlete Summary,Activity Dates,fldFyPZN7A1qmxNg6,multipleLookupValues,33,30,90.91,REPO REFERENCED,"repo hits: airtable/automations/shooting-challenge/055-achievements-and-milestones-recalculate-current-shooting-streak-from-submission.js, tools/season_simulation/simulation_clock.py, tools/testing/lib/sc-pw-e2e-lib.mjs"
Weekly Athlete Summary,Homework Assigned Count,fldxA1xQQlui2XXi4,rollup,33,33,100.0,HAS DEPENDENTS,referenced by 1 field(s)
Weekly Athlete Summary,Created,fldNQg2CnzCGzCMwh,formula,33,33,100.0,REPO REFERENCED,repo hits: tools/airtable/_preview/c025_stage17_prod_schema_manifest_source.json
Weekly Athlete Summary,Perfect Week Daily Check Status,fldEEYFHEBlVnNAV0,singleSelect,33,24,72.73,REPO REFERENCED,"repo hits: airtable/automations/shooting-challenge/057-achievements-and-milestones-calculate-perfect-week-eligibility.js, tools/airtable/_c025_stage17_prep_final_ui_tests.py, tools/testing/poll_pw_case01.mjs"
Weekly Athlete Summary,Perfect Week Daily Check Detail,fldtASmByMBMCPXvp,multilineText,33,18,54.55,REPO REFERENCED,"repo hits: airtable/automations/shooting-challenge/057-achievements-and-milestones-calculate-perfect-week-eligibility.js, airtable/automations/shooting-challenge/072-email-notifications-and-external-handoffs-build-weekly-summary-email-package.js, tools/airtable/_c025_stage17_prep_final_ui_tests.py"
Weekly Athlete Summary,Perfect Week Daily Requirement Met?,fld9whhW2WYo6Z3wD,checkbox,33,11,33.33,HAS DEPENDENTS,referenced by 1 field(s)
Weekly Athlete Summary,Perfect Week Video Count,flds8k6TuRScMWW79,number,33,17,51.52,HAS DEPENDENTS,referenced by 2 field(s)
Weekly Athlete Summary,Perfect Week Zoom Meeting Count,fld1sBnbfMiunNlcW,number,33,17,51.52,HAS DEPENDENTS,referenced by 2 field(s)
Weekly Athlete Summary,Perfect Week Zoom Attendance Count,fldVs5IgC7PnCXCYM,number,33,17,51.52,HAS DEPENDENTS,referenced by 2 field(s)
Weekly Athlete Summary,Perfect Week Homework Requirement Met?,fldK2cIQXX18OTdhS,number,33,17,51.52,HAS DEPENDENTS,referenced by 2 field(s)
Weekly Athlete Summary,Perfect Week Automation Status,fldyFlpiRQiTpCKJz,singleSelect,33,25,75.76,HAS DEPENDENTS,referenced by 5 field(s)
Weekly Athlete Summary,Perfect Week Automation Error,fldIZgWPIPwpBv0hb,multilineText,33,9,27.27,REPO REFERENCED,"repo hits: airtable/automations/shooting-challenge/057-achievements-and-milestones-calculate-perfect-week-eligibility.js, airtable/automations/shooting-challenge/058-achievements-and-milestones-create-perfect-week-unlock.js, airtable/automations/shooting-challenge/115-engineering-test-framework-run-testing-scenario-daily-submission.js"
Weekly Athlete Summary,Perfect Week Video Requirement Met?,fldat2jCxT2sc9pms,formula,33,33,100.0,HAS DEPENDENTS,referenced by 1 field(s)
Weekly Athlete Summary,Perfect Week Zoom Requirement Met?,fldWok1MQBND9z0r9,formula,33,33,100.0,HAS DEPENDENTS,referenced by 1 field(s)
Weekly Athlete Summary,Perfect Week Zoom Requirement Status,fldPWqUmCAWpwKX6t,formula,33,33,100.0,REPO REFERENCED,"repo hits: airtable/automations/shooting-challenge/072-email-notifications-and-external-handoffs-build-weekly-summary-email-package.js, airtable/automations/shooting-challenge/115-engineering-test-framework-run-testing-scenario-daily-submission.js, web/lib/airtable/queries.ts"
Weekly Athlete Summary,Perfect Week Eligible?,fld0re4ydFGq2vvZC,formula,33,33,100.0,REPO REFERENCED,"repo hits: airtable/automations/shooting-challenge/058-achievements-and-milestones-create-perfect-week-unlock.js, airtable/automations/shooting-challenge/072-email-notifications-and-external-handoffs-build-weekly-summary-email-package.js, airtable/automations/shooting-challenge/115-engineering-test-framework-run-testing-scenario-daily-submission.js"
Weekly Athlete Summary,Perfect Week Unlock,fldJVKEeziY9l5Dbq,multipleRecordLinks,33,7,21.21,REPO REFERENCED,"repo hits: airtable/automations/shooting-challenge/058-achievements-and-milestones-create-perfect-week-unlock.js, web/lib/airtable/queries.ts, web/lib/data/public-athlete-profile.ts"
Weekly Athlete Summary,Perfect Week Calculation Queue?,fldNvOVO3WidABUXS,formula,33,33,100.0,REPO REFERENCED,"repo hits: airtable/automations/shooting-challenge/115-engineering-test-framework-run-testing-scenario-daily-submission.js, airtable/automations/shooting-challenge/lib/c025-stage17-etf-downstream.js, tools/airtable/_c025_stage17_prep_final_ui_tests.py"
Weekly Athlete Summary,Perfect Week Homework Assigned Count,fldZmafiSNvvDOBLi,number,33,17,51.52,HAS DEPENDENTS,referenced by 2 field(s)
Weekly Athlete Summary,Perfect Week Homework Satisfactory Count,fldqNVE7X7uBED4XR,number,33,17,51.52,HAS DEPENDENTS,referenced by 1 field(s)
Weekly Athlete Summary,Perfect Week Homework Completion %,fld3eEpTebFgqTWYy,formula,33,33,100.0,HAS DEPENDENTS,referenced by 1 field(s)
Weekly Athlete Summary,Perfect Week Homework Requirement Status,fldG3EmD6uueWmtRl,formula,33,33,100.0,REPO REFERENCED,"repo hits: airtable/automations/shooting-challenge/072-email-notifications-and-external-handoffs-build-weekly-summary-email-package.js, web/lib/airtable/queries.ts, web/lib/data/public-athlete-profile.ts"
Weekly Athlete Summary,Summary Key,fldpgOrqgGkryjrdi,formula,33,6,18.18,REPO REFERENCED,"repo hits: airtable/automations/shooting-challenge/031-weekly-summary-and-goal-logic-find-or-create-weekly-athlete-summary-from-submission.js, airtable/automations/shooting-challenge/118-email-notifications-and-external-handoffs-schedule-weekly-summary-email-build.js, airtable/automations/shooting-challenge/lib/c011-weekly-email-schedule.test.js"
Weekly Athlete Summary,Enrollment,fldNH81lfwL5dBnAw,multipleRecordLinks,33,33,100.0,HAS DEPENDENTS,referenced by 16 field(s)
Weekly Athlete Summary,Full Name - From Enrollment - Display,fldFx9VxabAod1DkZ,multipleLookupValues,33,33,100.0,HAS DEPENDENTS,referenced by 1 field(s)
Weekly Athlete Summary,Athlete,fld0VGe6Swc0vA3ze,multipleLookupValues,33,33,100.0,REPO REFERENCED,repo hits: tools/airtable/_preview/c025_stage17_prod_schema_manifest_source.json
Weekly Athlete Summary,Build Weekly Email Now?,fldBE60blHuUfAQa4,checkbox,33,0,0.0,REPO REFERENCED,"repo hits: airtable/automations/shooting-challenge/072-email-notifications-and-external-handoffs-build-weekly-summary-email-package.js, airtable/automations/shooting-challenge/118-email-notifications-and-external-handoffs-schedule-weekly-summary-email-build.js, airtable/automations/shooting-challenge/lib/v2-engine-contracts.js"
Weekly Athlete Summary,Grade,fldJfPaSIyESTaPph,multipleLookupValues,33,33,100.0,REPO REFERENCED,repo hits: tools/airtable/_preview/c025_stage17_prod_schema_manifest_source.json
Weekly Athlete Summary,Grade Band,fld7CARd7rE7S3f8P,multipleRecordLinks,33,33,100.0,HAS DEPENDENTS,referenced by 2 field(s)
Weekly Athlete Summary,Goal Record,fldNvhGv57qOqbsfN,multipleRecordLinks,33,33,100.0,HAS DEPENDENTS,referenced by 3 field(s)
Weekly Athlete Summary,Submissions,fld1zvk4QAmdrYSUC,multipleRecordLinks,33,30,90.91,HAS DEPENDENTS,referenced by 4 field(s)
Weekly Athlete Summary,Total Shots This Week,fldR3esaWcZ7LmOrR,rollup,33,33,100.0,HAS DEPENDENTS,referenced by 2 field(s)
Weekly Athlete Summary,Total Makes This Week,fldGxsKbU51LY1P1K,rollup,33,33,100.0,REPO REFERENCED,"repo hits: airtable/automations/shooting-challenge/072-email-notifications-and-external-handoffs-build-weekly-summary-email-package.js, tools/airtable/_preview/c025_stage17_prod_schema_manifest_source.json"
Weekly Athlete Summary,Goal Shots Target,fldY0WlLxwGh7WID5,multipleLookupValues,33,33,100.0,HAS DEPENDENTS,referenced by 1 field(s)
Weekly Athlete Summary,Goal Completion %,flda0ZXW1Bf7OvRAK,formula,33,33,100.0,HAS DEPENDENTS,referenced by 1 field(s)
Weekly Athlete Summary,Days Logged This Week,fldOLza7ol65TidXd,rollup,33,33,100.0,HAS DEPENDENTS,referenced by 1 field(s)
Weekly Athlete Summary,Met Minimum Days Requirement?,fldNO1J6zZ1n9OcHU,formula,33,33,100.0,REPO REFERENCED,repo hits: tools/airtable/_preview/c025_stage17_prod_schema_manifest_source.json
Weekly Athlete Summary,Summary Calculation Status,fldclTKmuQPSM9Pj6,singleSelect,33,33,100.0,REPO REFERENCED,"repo hits: airtable/automations/shooting-challenge/031-weekly-summary-and-goal-logic-find-or-create-weekly-athlete-summary-from-submission.js, airtable/automations/shooting-challenge/034-weekly-summary-and-goal-logic-set-previous-week-helper-values.js, airtable/automations/shooting-challenge/101-zoom-attendance-xp-award-meeting-xp.js"
Weekly Athlete Summary,Weekly Improvement Value,fldDAqp5woNqEdzE3,formula,33,13,39.39,HAS DEPENDENTS,referenced by 1 field(s)
Weekly Athlete Summary,Momentum Status,fldR3egEbDyiE2CPn,formula,33,33,100.0,REPO REFERENCED,"repo hits: web/lib/airtable/queries.ts, web/lib/data/public-athlete-profile-weekly.test.ts, web/lib/data/public-athlete-profile.ts"
Weekly Athlete Summary,Homework Completed?,fld6yhWfsDQUFn0k5,formula,33,7,21.21,REPO REFERENCED,"repo hits: web/lib/airtable/queries.ts, web/lib/data/public-athlete-profile-weekly.test.ts, web/lib/data/public-athlete-profile.ts"
Weekly Athlete Summary,Homework Satisfactory Count,fldAZvnZo9xAXyw5o,rollup,33,33,100.0,HAS DEPENDENTS,referenced by 1 field(s)
Weekly Athlete Summary,Total XP After Week,fldDlAuaaIYmx7Q44,formula,33,33,100.0,HAS DEPENDENTS,referenced by 2 field(s)
Weekly Athlete Summary,Level Number,fldGmzzmlGHVB53SE,formula,33,33,100.0,HAS DEPENDENTS,referenced by 1 field(s)
Weekly Athlete Summary,Previous Week Shots,fldvJmTvqvJTtdYjE,number,33,23,69.7,HAS DEPENDENTS,referenced by 1 field(s)
Weekly Athlete Summary,Previous Total XP,fldV13HNGyfbbDcz7,number,33,23,69.7,HAS DEPENDENTS,referenced by 1 field(s)
Weekly Athlete Summary,Homework Display,fldKxl8nguJzqulJD,formula,33,33,100.0,REPO REFERENCED,repo hits: tools/airtable/_preview/c025_stage17_prod_schema_manifest_source.json
Weekly Athlete Summary,Homework Completions Link,fld7IEpY1KsacJTM6,multipleRecordLinks,33,7,21.21,HAS DEPENDENTS,referenced by 2 field(s)
Weekly Athlete Summary,Weekly Goal Shots Target,fld9QMaqcgCzIAJhE,formula,33,33,100.0,HAS DEPENDENTS,referenced by 1 field(s)
Weekly Athlete Summary,Threshold XP Status,fldLWHZDNekE0eDN9,singleSelect,33,26,78.79,HAS DEPENDENTS,referenced by 1 field(s)
Weekly Athlete Summary,Threshold XP Processed At,fld29cnT0HwFyNWCR,dateTime,33,26,78.79,REPO REFERENCED,"repo hits: airtable/automations/shooting-challenge/035-weekly-summary-and-goal-logic-create-weekly-threshold-xp-events.js, tools/airtable/_preview/c025_stage17_prod_schema_manifest_source.json"
Weekly Athlete Summary,Threshold XP Error Message,fldJOm7XeS9v3kCgG,multilineText,33,0,0.0,REPO REFERENCED,"repo hits: airtable/automations/shooting-challenge/035-weekly-summary-and-goal-logic-create-weekly-threshold-xp-events.js, tools/airtable/_preview/c025_stage17_prod_schema_manifest_source.json"
Weekly Athlete Summary,Requeue Threshold XP,fld4pN4qHKO4Nzgvm,checkbox,33,0,0.0,HAS DEPENDENTS,referenced by 1 field(s)
Weekly Athlete Summary,Threshold XP Ready?,flde9iIoiGNcaShL6,formula,33,33,100.0,REPO REFERENCED,"repo hits: airtable/automations/shooting-challenge/035-weekly-summary-and-goal-logic-create-weekly-threshold-xp-events.js, tools/airtable/_preview/c025_stage17_prod_schema_manifest_source.json"
Weekly Athlete Summary,XP Earned This Week,fldIvSQR4O6a0jtsN,rollup,33,33,100.0,HAS DEPENDENTS,referenced by 1 field(s)
Weekly Athlete Summary,Enrollment Key - Lkp,fldJG5q0ZibCkprwC,multipleLookupValues,33,33,100.0,HAS DEPENDENTS,referenced by 1 field(s)
Weekly Athlete Summary,Week Key - Lkp,fldEBGRSNqMPE459s,multipleLookupValues,33,6,18.18,HAS DEPENDENTS,referenced by 1 field(s)
Weekly Athlete Summary,Weekly Summary Email Status,fldzuHDdCi6YCvRbn,singleSelect,33,0,0.0,REPO REFERENCED,"repo hits: tools/airtable/_preview/c025_stage17_prod_schema_manifest_source.json, tests/data-model/field-contracts.test.js"
Weekly Athlete Summary,Weekly Summary Sent At,fldW0OwybJ0ZRMy5K,dateTime,33,0,0.0,REPO REFERENCED,"repo hits: airtable/automations/shooting-challenge/lib/v2-engine-contracts.js, tools/testing/ops_email_readiness_probe.mjs, tools/testing/ops_rcc_export_prod.mjs"
Weekly Athlete Summary,Weekly Summary Send Error,fldh1gWZcD554JgqP,multilineText,33,0,0.0,REPO REFERENCED,repo hits: tools/airtable/_preview/c025_stage17_prod_schema_manifest_source.json
Weekly Athlete Summary,Weekly Summary Email Type,fldOwzaH8G35chFpL,singleSelect,33,0,0.0,REPO REFERENCED,repo hits: tools/airtable/_preview/c025_stage17_prod_schema_manifest_source.json
Weekly Athlete Summary,Parent Email - Cleaned,fldKXsaqFMEXMAwpd,multipleLookupValues,33,33,100.0,HAS DEPENDENTS,referenced by 1 field(s)
Weekly Athlete Summary,Athlete Email - Cleaned,fldkwUWbSTLQM12BF,multipleLookupValues,33,32,96.97,HAS DEPENDENTS,referenced by 1 field(s)
Weekly Athlete Summary,Overall Awards Placeholder,fldAOKSEvJ1qS0Ppw,aiText,33,33,100.0,REPO REFERENCED,repo hits: tools/airtable/_preview/c025_stage17_prod_schema_manifest_source.json
Weekly Athlete Summary,Zoom Meetings Summary,fldBr9Wm4ougvqm1R,aiText,33,33,100.0,REPO REFERENCED,"repo hits: tools/airtable/_preview/c025_related_fields.json, tools/airtable/_preview/c025_stage17_prod_schema_manifest_source.json"
Weekly Athlete Summary,Combined Recipient Emails,fldnNEwvyEht6BDtU,formula,33,33,100.0,REPO REFERENCED,repo hits: tools/airtable/_preview/c025_stage17_prod_schema_manifest_source.json
Weekly Athlete Summary,Athlete First Name,fldrvgVniDFGHXITX,multipleLookupValues,33,33,100.0,HAS DEPENDENTS,referenced by 1 field(s)
Weekly Athlete Summary,Athlete Last Name,fldwBU1zPMwUogHGR,multipleLookupValues,33,33,100.0,REPO REFERENCED,"repo hits: airtable/automations/shooting-challenge/001-enrollment-intake-and-setup-find-or-create-athlete-and-link-enrollment.js, airtable/automations/shooting-challenge/075-email-notifications-and-external-handoffs-build-challenge-welcome-email.js, tools/airtable/audit_awards_catalog_and_connections.py"
Weekly Athlete Summary,Email Subject,fld22Iv3MqYjIzkFn,formula,33,33,100.0,REPO REFERENCED,"repo hits: airtable/automations/shooting-challenge/072-email-notifications-and-external-handoffs-build-weekly-summary-email-package.js, airtable/automations/shooting-challenge/075-email-notifications-and-external-handoffs-build-challenge-welcome-email.js, airtable/automations/shooting-challenge/077-email-notifications-and-external-handoffs-send-daily-submission-email-package-to-make.js"
Weekly Athlete Summary,Weekly Awards Placeholder,fld0BFUkwusYhbMZ7,multilineText,33,0,0.0,REPO REFERENCED,repo hits: tools/airtable/_preview/c025_stage17_prod_schema_manifest_source.json
Weekly Athlete Summary,Weekly Summary Overall Section,fldIy0dLusRCZxqet,multilineText,33,0,0.0,REPO REFERENCED,repo hits: tools/airtable/_preview/c025_stage17_prod_schema_manifest_source.json
Weekly Athlete Summary,Weekly Awards Display,fldnsoxTePJh6gUPX,richText,33,0,0.0,REPO REFERENCED,repo hits: tools/airtable/_preview/c025_stage17_prod_schema_manifest_source.json
Weekly Athlete Summary,Overall Awards Display,fld6rcoqhQ6GmZQR7,richText,33,0,0.0,REPO REFERENCED,repo hits: tools/airtable/_preview/c025_stage17_prod_schema_manifest_source.json
Weekly Athlete Summary,Upcoming Zoom Display,fldSiIx55xQE5dMqY,richText,33,0,0.0,REPO REFERENCED,"repo hits: tools/airtable/_preview/c025_related_fields.json, tools/airtable/_preview/c025_stage17_prod_schema_manifest_source.json"
Weekly Athlete Summary,Upcoming Zoom Link,fldIE7DYt8F7pSFuS,multipleLookupValues,33,0,0.0,REPO REFERENCED,"repo hits: tools/airtable/_preview/c025_related_fields.json, tools/airtable/_preview/c025_stage17_prod_schema_manifest_source.json"
Weekly Athlete Summary,Week - Display,fldn7FMpyz3ZDMxly,formula,33,6,18.18,REPO REFERENCED,"repo hits: airtable/automations/shooting-challenge/072-email-notifications-and-external-handoffs-build-weekly-summary-email-package.js, airtable/automations/shooting-challenge/074-email-notifications-and-external-handoffs-send-weekly-summary-email-package-to-make.js, airtable/automations/shooting-challenge/076-email-notifications-and-external-handoffs-build-daily-submission-email-package.js"
Weekly Athlete Summary,Grade Band - Display,fldEIVNQFxcOnEuNP,formula,33,33,100.0,REPO REFERENCED,repo hits: tools/airtable/_preview/c025_stage17_prod_schema_manifest_source.json
Weekly Athlete Summary,Weekly Summary Key,fldpwIfJ8Mq2u3rfn,formula,33,33,100.0,REPO REFERENCED,"repo hits: tools/airtable/export_airtable_schema.py, tools/testing/probe_schmidt_control_center.mjs, tools/testing/tests/run_010_script.mjs"
Weekly Athlete Summary,XP Events,fld2i083lpc9jrfk8,multipleRecordLinks,33,28,84.85,HAS DEPENDENTS,referenced by 1 field(s)
Weekly Athlete Summary,Weekly Email Error,fldzZnqYAoDDrUQFm,multilineText,33,0,0.0,REPO REFERENCED,"repo hits: airtable/automations/shooting-challenge/072-email-notifications-and-external-handoffs-build-weekly-summary-email-package.js, airtable/automations/shooting-challenge/074-email-notifications-and-external-handoffs-send-weekly-summary-email-package-to-make.js, airtable/automations/shooting-challenge/lib/v2-engine-contracts.js"
Weekly Athlete Summary,Weekly Email Revision,fldeP5OD0H90VhrM2,singleLineText,33,7,21.21,REPO REFERENCED,"repo hits: airtable/automations/shooting-challenge/072-email-notifications-and-external-handoffs-build-weekly-summary-email-package.js, tools/airtable/arm_final_emails_send.py, tools/airtable/check_final_email_staging.py"
Weekly Athlete Summary,Weekly Email Subject,fldxRkHo6fdqLNjPB,singleLineText,33,7,21.21,REPO REFERENCED,"repo hits: airtable/automations/shooting-challenge/072-email-notifications-and-external-handoffs-build-weekly-summary-email-package.js, airtable/automations/shooting-challenge/119-email-notifications-and-external-handoffs-schedule-weekly-summary-email-send.js, tools/airtable/arm_final_emails_send.py"
Weekly Athlete Summary,Weekly Email Text,fldvllIaaj1WNZQaX,multilineText,33,7,21.21,REPO REFERENCED,"repo hits: airtable/automations/shooting-challenge/072-email-notifications-and-external-handoffs-build-weekly-summary-email-package.js, tools/airtable/stage_final_emails_to_was.py, tools/airtable/_agent5_comms_live_probe.py"
Weekly Athlete Summary,Weekly Email Payload JSON,fldeVsUfvry5alYG7,multilineText,33,7,21.21,REPO REFERENCED,"repo hits: airtable/automations/shooting-challenge/072-email-notifications-and-external-handoffs-build-weekly-summary-email-package.js, airtable/automations/shooting-challenge/074-email-notifications-and-external-handoffs-send-weekly-summary-email-package-to-make.js, tools/airtable/stage_final_emails_to_was.py"
Weekly Athlete Summary,Weekly Email Week Label,fldQcTW5jStDqUuwn,singleLineText,33,7,21.21,REPO REFERENCED,"repo hits: airtable/automations/shooting-challenge/072-email-notifications-and-external-handoffs-build-weekly-summary-email-package.js, airtable/automations/shooting-challenge/074-email-notifications-and-external-handoffs-send-weekly-summary-email-package-to-make.js, web/lib/airtable/queries.ts"
Weekly Athlete Summary,Weekly Email Last Built At,fldrwJEsWcqqYb124,dateTime,33,7,21.21,REPO REFERENCED,"repo hits: airtable/automations/shooting-challenge/072-email-notifications-and-external-handoffs-build-weekly-summary-email-package.js, tools/airtable/stage_final_emails_to_was.py, tools/airtable/_agent5_comms_live_probe.py"
Weekly Athlete Summary,Weekly Email Record ID,fldDFKGuHdQ61ELqg,formula,33,33,100.0,REPO REFERENCED,"repo hits: tools/airtable/_preview/c025_related_fields.json, tools/airtable/_preview/c025_stage17_prod_schema_manifest_source.json"
Weekly Athlete Summary,Weekly Email Sent At,fld9dzmOqNfXzRom1,dateTime,33,0,0.0,REPO REFERENCED,"repo hits: airtable/automations/shooting-challenge/072-email-notifications-and-external-handoffs-build-weekly-summary-email-package.js, airtable/automations/shooting-challenge/074-email-notifications-and-external-handoffs-send-weekly-summary-email-package-to-make.js, airtable/automations/shooting-challenge/lib/c011-weekly-email-schedule.test.js"
Weekly Athlete Summary,sendMode,fldW8sTqbsSYJyjcD,singleSelect,33,6,18.18,REPO REFERENCED,"repo hits: airtable/automations/shooting-challenge/072-email-notifications-and-external-handoffs-build-weekly-summary-email-package.js, airtable/automations/shooting-challenge/075-email-notifications-and-external-handoffs-build-challenge-welcome-email.js, airtable/automations/shooting-challenge/077-email-notifications-and-external-handoffs-send-daily-submission-email-package-to-make.js"
Weekly Athlete Summary,Weekly Email Recipients,flduEBKX6UoJpEBMy,multilineText,33,7,21.21,REPO REFERENCED,"repo hits: airtable/automations/shooting-challenge/072-email-notifications-and-external-handoffs-build-weekly-summary-email-package.js, airtable/automations/shooting-challenge/119-email-notifications-and-external-handoffs-schedule-weekly-summary-email-send.js, tools/airtable/arm_final_emails_send.py"
Weekly Athlete Summary,Weekly Email HTML,fldBbRJTBH7fjOsFk,multilineText,33,7,21.21,REPO REFERENCED,"repo hits: airtable/automations/shooting-challenge/072-email-notifications-and-external-handoffs-build-weekly-summary-email-package.js, airtable/automations/shooting-challenge/119-email-notifications-and-external-handoffs-schedule-weekly-summary-email-send.js, tools/airtable/arm_final_emails_send.py"
Weekly Athlete Summary,Weekly Email Ready?,fldRXzo9QveAAEudP,checkbox,33,7,21.21,REPO REFERENCED,"repo hits: airtable/automations/shooting-challenge/072-email-notifications-and-external-handoffs-build-weekly-summary-email-package.js, airtable/automations/shooting-challenge/074-email-notifications-and-external-handoffs-send-weekly-summary-email-package-to-make.js, airtable/automations/shooting-challenge/119-email-notifications-and-external-handoffs-schedule-weekly-summary-email-send.js"
Weekly Athlete Summary,Send to Make?,fldcQzkAcrJXwRTgC,checkbox,33,7,21.21,REPO REFERENCED,"repo hits: airtable/automations/shooting-challenge/013-submission-intake-create-or-link-video-feedback.js, airtable/automations/shooting-challenge/072-email-notifications-and-external-handoffs-build-weekly-summary-email-package.js, airtable/automations/shooting-challenge/074-email-notifications-and-external-handoffs-send-weekly-summary-email-package-to-make.js"
Weekly Athlete Summary,Make Send Status,fldVI44vj8KmMxLVi,singleSelect,33,0,0.0,REPO REFERENCED,"repo hits: tools/testing/ops_email_readiness_probe.mjs, tools/testing/ops_rcc_export_prod.mjs, tools/testing/sc-007-008/idempotency-matrix.js"
Weekly Athlete Summary,Weekly Email Sent?,fldCCgjkgoPt7N4eK,checkbox,33,0,0.0,REPO REFERENCED,"repo hits: airtable/automations/shooting-challenge/072-email-notifications-and-external-handoffs-build-weekly-summary-email-package.js, airtable/automations/shooting-challenge/074-email-notifications-and-external-handoffs-send-weekly-summary-email-package-to-make.js, airtable/automations/shooting-challenge/118-email-notifications-and-external-handoffs-schedule-weekly-summary-email-build.js"
Weekly Athlete Summary,Program Instance (from Enrollment),fldaZ4vo1yoikOp36,multipleLookupValues,33,33,100.0,ACTIVE / KEEP,100.00% populated
Weekly Athlete Summary,Hub Event ID,fldIUrlro7rH6kaPL,singleLineText,33,0,0.0,REPO REFERENCED,"repo hits: airtable/automations/shooting-challenge/079-email-notifications-and-external-handoffs-send-queue-handoff-to-communications-hub.js, tests/email/automation-079-offline.test.mjs"
Weekly Athlete Summary,Hub Accepted At,fld8L2LSv42fEy0yN,dateTime,33,0,0.0,EMPTY — REVIEW,empty with no verified deps; confirm product intent
Weekly Athlete Summary,Last Package Build Attempt,fldOJMIiJ5eRnc2gj,dateTime,33,0,0.0,EMPTY — REVIEW,empty with no verified deps; confirm product intent
Weekly Athlete Summary,Package Build Error,fldPgl5DWwjT15qOE,multilineText,33,0,0.0,EMPTY — REVIEW,empty with no verified deps; confirm product intent
Weekly Athlete Summary,Duplicate Prevention Key,fldikJ8UysT7T6SXq,formula,33,33,100.0,ACTIVE / KEEP,100.00% populated
Weekly Athlete Summary,Perfect Week Video Minimum,fld39byDveM8JkILN,multipleLookupValues,33,33,100.0,HAS DEPENDENTS,referenced by 1 field(s)
Weekly Athlete Summary,Perfect Week Daily Requirement Met? Calculated,fldA22500QH0ioOcs,formula,33,33,100.0,ACTIVE / KEEP,100.00% populated
Target Goal Shots,Target Label,fldkxLfYOHvYz26AP,formula,7,7,100.0,REPO REFERENCED,"repo hits: airtable/automations/shooting-challenge/032-weekly-summary-and-goal-logic-link-challenge-goal-record-to-weekly-athlete-summary.js, tools/season_simulation/reference_data.py, tools/testing/tests/test_032_goal_runtime.mjs"
Target Goal Shots,Total Shot Target,fldqxQzUHJnYpb93L,number,7,7,100.0,HAS DEPENDENTS,referenced by 5 field(s)
Target Goal Shots,Grade Band,fldgR7XGIzqxS0LuO,multipleRecordLinks,7,7,100.0,HAS DEPENDENTS,referenced by 4 field(s)
Target Goal Shots,Active?,fldmZ2B6VccsD2zNq,checkbox,7,5,71.43,ACTIVE / KEEP,71.43% populated
Target Goal Shots,Goal Key,fldZ17RtezN4snFff,formula,7,7,100.0,REPO REFERENCED,"repo hits: airtable/automations/shooting-challenge/032-weekly-summary-and-goal-logic-link-challenge-goal-record-to-weekly-athlete-summary.js, tools/testing/tests/test_032_goal_runtime.mjs"
Target Goal Shots,Weekly Athlete Summary,flduA37JFti7LODYH,multipleRecordLinks,7,5,71.43,REPO REFERENCED,"repo hits: airtable/automations/shooting-challenge/010-submission-intake-create-xp-event.js, airtable/automations/shooting-challenge/020-homework-link-or-create-homework-completion.js, airtable/automations/shooting-challenge/030-weekly-summary-and-goal-logic-copy-enrollment-grade-band-to-weekly-summary.js"
Target Goal Shots,Shot Milestones,fldkoyTtiTemZ6RYw,multipleRecordLinks,7,7,100.0,REPO REFERENCED,"repo hits: airtable/automations/shooting-challenge/059-achievements-and-milestones-create-xp-event-from-achievement-unlock.js, airtable/automations/shooting-challenge/064-homework-review-and-xp-prepare-homework-xp-award.js, airtable/automations/shooting-challenge/066-achievements-and-milestones-create-shot-milestone-unlocks.js"
Target Goal Shots,Band Sort Order,fld2bdIdnS8RyMgro,multipleLookupValues,7,7,100.0,HAS DEPENDENTS,referenced by 1 field(s)
Target Goal Shots,Program Instance,fldmgJgCQTIHKqhD6,multipleRecordLinks,7,5,71.43,REPO REFERENCED,"repo hits: airtable/automations/shooting-challenge/005-submission-intake-and-asset-creation-assign-week-to-submission-homework-first.js, airtable/automations/shooting-challenge/010-submission-intake-create-xp-event.js, airtable/automations/shooting-challenge/020-homework-link-or-create-homework-completion.js"
Grade Bands,Grade Band Name,fldAVvaQKlXmP22FW,formula,7,7,100.0,HAS DEPENDENTS,referenced by 1 field(s)
Grade Bands,Target Goal Shots,fldBh4UgoIF0i6L9C,multipleRecordLinks,7,7,100.0,HAS DEPENDENTS,referenced by 1 field(s)
Grade Bands,Total Shot Target,fldM2PFJPD5RSOpuQ,multipleLookupValues,7,7,100.0,HAS DEPENDENTS,referenced by 1 field(s)
Grade Bands,Sort Order,fld8Odq4dvlokNMFG,number,7,7,100.0,HAS DEPENDENTS,referenced by 1 field(s)
Grade Bands,Min Grade,fld9Cdv1f3QbbmYYJ,number,7,7,100.0,HAS DEPENDENTS,referenced by 1 field(s)
Grade Bands,Max Grade,fldKu3VXWBuD1DTDf,number,7,7,100.0,HAS DEPENDENTS,referenced by 1 field(s)
Grade Bands,Default Homework Tier,fldYnwZNQDYXIJ21Q,singleSelect,7,7,100.0,ACTIVE / KEEP,100.00% populated
Grade Bands,Notes,fldAm4uAs72D516EI,multilineText,7,7,100.0,ACTIVE / KEEP,100.00% populated
Grade Bands,Active?,fldfylpen9IDKwEQy,checkbox,7,5,71.43,ACTIVE / KEEP,71.43% populated
Grade Bands,Weekly Athlete Summary,fldDFUmzJjKUGwBD7,multipleRecordLinks,7,4,57.14,REPO REFERENCED,"repo hits: airtable/automations/shooting-challenge/010-submission-intake-create-xp-event.js, airtable/automations/shooting-challenge/020-homework-link-or-create-homework-completion.js, airtable/automations/shooting-challenge/030-weekly-summary-and-goal-logic-copy-enrollment-grade-band-to-weekly-summary.js"
Grade Bands,Enrollments,fldPMMGynbI3Hu2jv,multipleRecordLinks,7,5,71.43,REPO REFERENCED,"repo hits: airtable/automations/shooting-challenge/001-enrollment-intake-and-setup-find-or-create-athlete-and-link-enrollment.js, airtable/automations/shooting-challenge/002-enrollment-intake-and-setup-assign-grade-band-initial.js, airtable/automations/shooting-challenge/003-enrollment-intake-and-setup-assign-grade-band-if-grade-changes.js"
Grade Bands,Homework Completions,fldf2972XUiIOSDKH,multipleRecordLinks,7,4,57.14,REPO REFERENCED,"repo hits: airtable/automations/shooting-challenge/020-homework-link-or-create-homework-completion.js, airtable/automations/shooting-challenge/022-submission-intake-sync-child-upload-writeback-from-submission-asset.js, airtable/automations/shooting-challenge/033-weekly-summary-and-goal-logic-assign-homework-to-weekly-athlete-summary.js"
Grade Bands,FBC Curriculum - SYNC,fldYEIig2j86Ewsvc,singleLineText,7,5,71.43,REPO REFERENCED,"repo hits: web/lib/airtable/public-tables.ts, tools/airtable/generate_final_summary_preview.py, tools/airtable/preview_final_email.py"
Grade Bands,XP Reward Rules,fldmegBkD05uVCBt2,multipleRecordLinks,7,5,71.43,REPO REFERENCED,"repo hits: airtable/automations/shooting-challenge/010-submission-intake-create-xp-event.js, airtable/automations/shooting-challenge/035-weekly-summary-and-goal-logic-create-weekly-threshold-xp-events.js, airtable/automations/shooting-challenge/054-achievements-and-milestones-streak-occurrences-create-or-repair-streak-xp-event.js"
Grade Bands,Video Feedback,fldF4e4QyPEqqWjyq,multipleRecordLinks,7,4,57.14,REPO REFERENCED,"repo hits: airtable/automations/shooting-challenge/009-submission-intake-create-submission-assets.js, airtable/automations/shooting-challenge/013-submission-intake-create-or-link-video-feedback.js, airtable/automations/shooting-challenge/020-homework-link-or-create-homework-completion.js"
Grade Bands,Record Id,fld6ZJh9vcNXgk1d4,formula,7,7,100.0,HAS DEPENDENTS,referenced by 1 field(s)
Grade Bands,Program Homework Assignments,fld3Hei3Fko4J1wYd,multipleRecordLinks,7,5,71.43,REPO REFERENCED,"repo hits: airtable/automations/shooting-challenge/005-submission-intake-and-asset-creation-assign-week-to-submission-homework-first.js, airtable/automations/shooting-challenge/020-homework-link-or-create-homework-completion.js, airtable/automations/shooting-challenge/033-weekly-summary-and-goal-logic-assign-homework-to-weekly-athlete-summary.js"
Achievements,Achievement Name,fldiPdklodJyLZSL5,singleLineText,15,15,100.0,HAS DEPENDENTS,referenced by 1 field(s)
Achievements,Achievement Key,fldG47suJXLj8P8VF,formula,15,15,100.0,HAS DEPENDENTS,referenced by 1 field(s)
Achievements,Repeatable?,fldV1DJGha1J7J3NN,checkbox,15,15,100.0,REPO REFERENCED,"repo hits: web/lib/airtable/queries.ts, web/lib/data/achievements.ts, tools/airtable/overnight_config_xp_analyze.py"
Achievements,One-Time Unlock?,fldu0gilTH7n4l8LE,checkbox,15,0,0.0,REPO REFERENCED,"repo hits: web/lib/airtable/queries.ts, web/lib/data/achievements.ts, tools/airtable/overnight_config_xp_prod_probe.py"
Achievements,Week-Specific?,fldVnjpUBLEfS7G9z,checkbox,15,0,0.0,REPO REFERENCED,"repo hits: web/lib/airtable/queries.ts, web/lib/data/achievements.ts"
Achievements,Achievement Type,fldA0pCUHaRHhGDCB,singleSelect,15,15,100.0,HAS DEPENDENTS,referenced by 1 field(s)
Achievements,Category,fld09H53gLStb1fXf,singleSelect,15,15,100.0,HAS DEPENDENTS,referenced by 1 field(s)
Achievements,Active?,fldKD33jZGX0QaKgC,checkbox,15,11,73.33,ACTIVE / KEEP,73.33% populated
Achievements,Visible?,fldwSesknp3zP3KGf,checkbox,15,11,73.33,HAS DEPENDENTS,referenced by 1 field(s)
Achievements,Description,fld2ax0LqlADCosi6,multilineText,15,0,0.0,REPO REFERENCED,"repo hits: airtable/automations/shooting-challenge/075-email-notifications-and-external-handoffs-build-challenge-welcome-email.js, airtable/automations/shooting-challenge/078A-email-notifications-and-external-handoffs-enrollment-create-welcome-email-handoff.js, web/tests/search-indexing.spec.ts"
Achievements,Trigger Type,fld150hE2HKeJI88i,singleSelect,15,15,100.0,REPO REFERENCED,"repo hits: airtable/automations/shooting-challenge/042-levels-and-progression-assign-current-and-next-level-with-gate-blocking.js, airtable/automations/shooting-challenge/053-achievements-and-milestones-streak-occurrences-rebuild-and-upsert-from-submissions.js, web/lib/airtable/queries.ts"
Achievements,Trigger Threshold,fld42zcAvFrM1j13r,number,15,14,93.33,REPO REFERENCED,"repo hits: airtable/automations/shooting-challenge/053-achievements-and-milestones-streak-occurrences-rebuild-and-upsert-from-submissions.js, airtable/automations/shooting-challenge/054-achievements-and-milestones-streak-occurrences-create-or-repair-streak-xp-event.js, airtable/automations/shooting-challenge/072-email-notifications-and-external-handoffs-build-weekly-summary-email-package.js"
Achievements,Trigger Operator,fldXuBViGZLZjDG1m,singleSelect,15,10,66.67,ACTIVE / KEEP,66.67% populated
Achievements,Uses Grade Band Scaling?,fldkIzG5emvUBQ0Tw,checkbox,15,0,0.0,EMPTY — REVIEW,empty with no verified deps; confirm product intent
Achievements,Week,flda5CCtdVbMdFSka,multipleRecordLinks,15,0,0.0,REPO REFERENCED,repo hits: tools/airtable/_preview/c025_stage17_prod_schema_manifest_source.json
Achievements,Sort Order,fldcKjdFf8fwTGlQX,number,15,15,100.0,REPO REFERENCED,"repo hits: airtable/automations/shooting-challenge/002-enrollment-intake-and-setup-assign-grade-band-initial.js, airtable/automations/shooting-challenge/003-enrollment-intake-and-setup-assign-grade-band-if-grade-changes.js, airtable/automations/shooting-challenge/041-levels-and-progression-mark-enrollment-for-level-recalculation.js"
Achievements,Badge Icon Name,fldsNaS4jeIZYQESl,singleLineText,15,0,0.0,REPO REFERENCED,"repo hits: web/lib/achievements/resolve-badge-icon.tsx, web/lib/airtable/queries.ts, web/lib/data/achievements.ts"
Achievements,Rarity,fldllxxutInL45UL0,singleSelect,15,0,0.0,HAS DEPENDENTS,referenced by 1 field(s)
Achievements,Internal Notes,fldGyY23FJVoT5EoP,multilineText,15,0,0.0,REPO REFERENCED,repo hits: tools/season_simulation/constants.py
Achievements,Athlete Achievement Unlocks,fldzQXtmIZI31d1f8,multipleRecordLinks,15,2,13.33,REPO REFERENCED,"repo hits: airtable/automations/shooting-challenge/058-achievements-and-milestones-create-perfect-week-unlock.js, airtable/automations/shooting-challenge/059-achievements-and-milestones-create-xp-event-from-achievement-unlock.js, airtable/automations/shooting-challenge/066-achievements-and-milestones-create-shot-milestone-unlocks.js"
Achievements,Threshold Value,fldOcT1SvA1cojJh9,number,15,0,0.0,EMPTY — REVIEW,empty with no verified deps; confirm product intent
Achievements,Reward Rule Key,fldMYQosrPObUdpVZ,singleLineText,15,15,100.0,REPO REFERENCED,"repo hits: airtable/automations/shooting-challenge/053-achievements-and-milestones-streak-occurrences-rebuild-and-upsert-from-submissions.js, airtable/automations/shooting-challenge/054-achievements-and-milestones-streak-occurrences-create-or-repair-streak-xp-event.js, airtable/automations/shooting-challenge/057-achievements-and-milestones-calculate-perfect-week-eligibility.js"
Achievements,Streak Occurrences,fldDCi4wlrfHJaF3f,multipleRecordLinks,15,3,20.0,REPO REFERENCED,"repo hits: airtable/automations/shooting-challenge/053-achievements-and-milestones-streak-occurrences-rebuild-and-upsert-from-submissions.js, airtable/automations/shooting-challenge/054-achievements-and-milestones-streak-occurrences-create-or-repair-streak-xp-event.js, tools/validate-v2-release-readiness.js"
Achievements,Submission Grace Period Hours,fldzzgfTeUg0QtgzE,number,15,0,0.0,REPO REFERENCED,"repo hits: airtable/automations/shooting-challenge/057-achievements-and-milestones-calculate-perfect-week-eligibility.js, airtable/automations/shooting-challenge/lib/xp-date-normalization.test.js, tools/airtable/tests/test_c025_stage17_contracts.py"
Homework Completions,Homework Completion Full Name,fld2ngOdaAmhpieZk,formula,19,19,100.0,REPO REFERENCED,"repo hits: tools/airtable/run_make_upload_test_audit.py, tools/testing/audit_hc_dedupe_sc016.mjs, tools/airtable/_preview/c023-dev-stage5-S5I-rec1PzA7th0qJbsN4.json"
Homework Completions,Created,fldX5YWF2B6aixj0c,createdTime,19,19,100.0,REPO REFERENCED,repo hits: tools/airtable/_preview/c025_stage17_prod_schema_manifest_source.json
Homework Completions,Homework Completion Key,fldSxUIDwVd6xUhhC,formula,19,19,100.0,HAS DEPENDENTS,referenced by 1 field(s)
Homework Completions,Reviewed At,fldkk8gxlhLWSiJaE,dateTime,19,6,31.58,REPO REFERENCED,"repo hits: airtable/automations/shooting-challenge/064-homework-review-and-xp-prepare-homework-xp-award.js, airtable/automations/shooting-challenge/072-email-notifications-and-external-handoffs-build-weekly-summary-email-package.js, airtable/automations/shooting-challenge/073-email-notifications-and-external-handoffs-send-video-feedback-parent-email-webhook.js"
Homework Completions,Grade Band,fldwcbjY7YjJaAZGy,multipleRecordLinks,19,13,68.42,REPO REFERENCED,"repo hits: airtable/automations/shooting-challenge/002-enrollment-intake-and-setup-assign-grade-band-initial.js, airtable/automations/shooting-challenge/003-enrollment-intake-and-setup-assign-grade-band-if-grade-changes.js, airtable/automations/shooting-challenge/005-submission-intake-and-asset-creation-assign-week-to-submission-homework-first.js"
Homework Completions,Weekly Athlete Summary,fldhpGNYnu2l3bpUP,singleLineText,19,0,0.0,REPO REFERENCED,"repo hits: airtable/automations/shooting-challenge/010-submission-intake-create-xp-event.js, airtable/automations/shooting-challenge/020-homework-link-or-create-homework-completion.js, airtable/automations/shooting-challenge/030-weekly-summary-and-goal-logic-copy-enrollment-grade-band-to-weekly-summary.js"
Homework Completions,Submissions - Linked,fldqG5ScbJkSrwonN,multipleRecordLinks,19,15,78.95,HAS DEPENDENTS,referenced by 1 field(s)
Homework Completions,Completion Status,fld3QgYcH4AqQh6gP,singleSelect,19,15,78.95,HAS DEPENDENTS,referenced by 1 field(s)
Homework Completions,Base XP Awarded,fldWVAQIgZPsaHZi5,number,19,7,36.84,HAS DEPENDENTS,referenced by 1 field(s)
Homework Completions,Extra Credit XP Awarded,fldVCbbqo9pWnyvZM,number,19,4,21.05,HAS DEPENDENTS,referenced by 1 field(s)
Homework Completions,Reviewed By,fldniTLrSYiLgE26W,singleLineText,19,6,31.58,REPO REFERENCED,"repo hits: airtable/automations/shooting-challenge/064-homework-review-and-xp-prepare-homework-xp-award.js, airtable/automations/shooting-challenge/113-video-review-and-xp-assign-base-video-xp.js, tools/airtable/_preview/c025_stage17_prod_schema_manifest_source.json"
Homework Completions,Completion Summary,flds8qfFNyCAzYgzT,formula,19,19,100.0,REPO REFERENCED,"repo hits: tools/airtable/_preview/c023-dev-stage5-S5I-rec1PzA7th0qJbsN4.json, tools/airtable/_preview/c025_stage17_prod_schema_manifest_source.json"
Homework Completions,Asset Label,fldEmkfKCfp9WELbg,singleLineText,19,13,68.42,REPO REFERENCED,"repo hits: airtable/automations/shooting-challenge/009-submission-intake-create-submission-assets.js, airtable/automations/shooting-challenge/020-homework-link-or-create-homework-completion.js, airtable/automations/shooting-challenge/067-homework-link-or-create-completion-from-reflection-quiz.js"
Homework Completions,Original File Name,fldWyWWX9DQ3988EN,singleLineText,19,13,68.42,REPO REFERENCED,"repo hits: airtable/automations/shooting-challenge/009-submission-intake-create-submission-assets.js, airtable/automations/shooting-challenge/020-homework-link-or-create-homework-completion.js, airtable/automations/shooting-challenge/022-submission-intake-sync-child-upload-writeback-from-submission-asset.js"
Homework Completions,Asset Type,fldASKykpfYEbf3t7,singleSelect,19,13,68.42,HAS DEPENDENTS,referenced by 1 field(s)
Homework Completions,Asset Purpose,fldmv5KdkH2T1chNn,singleSelect,19,13,68.42,REPO REFERENCED,"repo hits: airtable/automations/shooting-challenge/009-submission-intake-create-submission-assets.js, airtable/automations/shooting-challenge/013-submission-intake-create-or-link-video-feedback.js, airtable/automations/shooting-challenge/020-homework-link-or-create-homework-completion.js"
Homework Completions,Source System,fldwupjoZ8fbSEMM9,singleSelect,19,13,68.42,HAS DEPENDENTS,referenced by 1 field(s)
Homework Completions,Airtable Attachment,fldFTRL2bgrlhxSoD,multipleAttachments,19,3,15.79,HAS DEPENDENTS,referenced by 1 field(s)
Homework Completions,Upload Status,fldA4eP22MSQRBGrm,singleSelect,19,13,68.42,REPO REFERENCED,"repo hits: airtable/automations/shooting-challenge/009-submission-intake-create-submission-assets.js, airtable/automations/shooting-challenge/013-submission-intake-create-or-link-video-feedback.js, airtable/automations/shooting-challenge/020-homework-link-or-create-homework-completion.js"
Homework Completions,Upload Error,fldx8EjTgYczNYkNl,multilineText,19,0,0.0,REPO REFERENCED,"repo hits: airtable/automations/shooting-challenge/009-submission-intake-create-submission-assets.js, airtable/automations/shooting-challenge/013-submission-intake-create-or-link-video-feedback.js, airtable/automations/shooting-challenge/020-homework-link-or-create-homework-completion.js"
Homework Completions,Uploaded At,fld8IXHBFPdE7O8SI,dateTime,19,7,36.84,REPO REFERENCED,"repo hits: airtable/automations/shooting-challenge/020-homework-link-or-create-homework-completion.js, airtable/automations/shooting-challenge/022-submission-intake-sync-child-upload-writeback-from-submission-asset.js, airtable/automations/shooting-challenge/070c-email-notifications-and-external-handoffs-verify-async-video-asset-upload.js"
Homework Completions,Writeback Complete?,fldKI8IN30Ogye1E7,checkbox,19,5,26.32,REPO REFERENCED,"repo hits: airtable/automations/shooting-challenge/020-homework-link-or-create-homework-completion.js, airtable/automations/shooting-challenge/022-submission-intake-sync-child-upload-writeback-from-submission-asset.js, airtable/automations/shooting-challenge/070c-email-notifications-and-external-handoffs-verify-async-video-asset-upload.js"
Homework Completions,Notes,fldotkTIgjZhjmces,multilineText,19,0,0.0,REPO REFERENCED,repo hits: tools/airtable/_preview/c025_stage17_prod_schema_manifest_source.json
Homework Completions,Submission Asset - Linked,fld9epQi6hrHq3pke,singleLineText,19,0,0.0,REPO REFERENCED,repo hits: tools/airtable/_preview/c025_stage17_prod_schema_manifest_source.json
Homework Completions,Asset Key,fldplwH9Hq8oKJumP,formula,19,19,100.0,REPO REFERENCED,"repo hits: tools/airtable/fut_002_field_inventory.py, tools/airtable/tests/test_fut_002_field_inventory.py, tools/airtable/_preview/c023-dev-stage5-S5A-recF86pJTIMFoEypJ.json"
Homework Completions,Upload Ready?,fldv93VB39LdydxD9,formula,19,19,100.0,REPO REFERENCED,"repo hits: tools/airtable/fix_homework_upload_ready_formula.py, tools/airtable/fut_010_intake_attachment_cleanup.py, tools/airtable/_probe_c013_asset_storage_fields.py"
Homework Completions,Full Athlete Name - Backward (from Enrollment),fldxpl7aW59DOZVP9,multipleLookupValues,19,19,100.0,HAS DEPENDENTS,referenced by 1 field(s)
Homework Completions,Weekly Athlete Summary Link,fldkoEbVnCugcMCCi,multipleRecordLinks,19,15,78.95,REPO REFERENCED,"repo hits: airtable/automations/shooting-challenge/020-homework-link-or-create-homework-completion.js, airtable/automations/shooting-challenge/033-weekly-summary-and-goal-logic-assign-homework-to-weekly-athlete-summary.js, airtable/automations/shooting-challenge/065-homework-review-and-xp-create-homework-xp-event.js"
Homework Completions,Asset Slot,fldzbzik42JGLQzpX,singleSelect,19,13,68.42,REPO REFERENCED,"repo hits: airtable/automations/shooting-challenge/009-submission-intake-create-submission-assets.js, airtable/automations/shooting-challenge/013-submission-intake-create-or-link-video-feedback.js, airtable/automations/shooting-challenge/020-homework-link-or-create-homework-completion.js"
Homework Completions,Review Complete,fldNi16ZUb3ldONNW,checkbox,19,10,52.63,HAS DEPENDENTS,referenced by 2 field(s)
Homework Completions,Total Homework XP Awarded,fldwiaO5UWbg9IIka,formula,19,19,100.0,HAS DEPENDENTS,referenced by 1 field(s)
Homework Completions,Item Type,fld9ckzrVOBXfbdNr,singleSelect,19,13,68.42,REPO REFERENCED,"repo hits: airtable/automations/shooting-challenge/020-homework-link-or-create-homework-completion.js, airtable/automations/shooting-challenge/067-homework-link-or-create-completion-from-reflection-quiz.js, tools/testing/tests/run_020_pha_script.mjs"
Homework Completions,Parent Feedback Sent On,fldjcY8iAA5qkW7Qc,dateTime,19,0,0.0,REPO REFERENCED,"repo hits: airtable/automations/shooting-challenge/071-email-notifications-and-external-handoffs-send-homework-feedback-email-webhook.js, airtable/automations/shooting-challenge/073-email-notifications-and-external-handoffs-send-video-feedback-parent-email-webhook.js, tools/testing/ops_email_readiness_probe.mjs"
Homework Completions,Parent Feedback Send Error,fldUTn2YoCWeXsT5I,multilineText,19,0,0.0,REPO REFERENCED,"repo hits: airtable/automations/shooting-challenge/071-email-notifications-and-external-handoffs-send-homework-feedback-email-webhook.js, airtable/automations/shooting-challenge/073-email-notifications-and-external-handoffs-send-video-feedback-parent-email-webhook.js, tools/airtable/_preview/c025_stage17_prod_schema_manifest_source.json"
Homework Completions,Parent Feedback Subject,fldAnwLZilK1Tn4o2,singleLineText,19,3,15.79,REPO REFERENCED,"repo hits: airtable/automations/shooting-challenge/071-email-notifications-and-external-handoffs-send-homework-feedback-email-webhook.js, airtable/automations/shooting-challenge/073-email-notifications-and-external-handoffs-send-video-feedback-parent-email-webhook.js, tools/airtable/_preview/c025_stage17_prod_schema_manifest_source.json"
Homework Completions,Homework Completions RID,fldKjhzUPSQS9m9wG,formula,19,19,100.0,HAS DEPENDENTS,referenced by 1 field(s)
Homework Completions,Automation Error,fldBrKRbV9qs6rQTZ,multilineText,19,0,0.0,REPO REFERENCED,"repo hits: airtable/automations/shooting-challenge/057-achievements-and-milestones-calculate-perfect-week-eligibility.js, airtable/automations/shooting-challenge/058-achievements-and-milestones-create-perfect-week-unlock.js, airtable/automations/shooting-challenge/064-homework-review-and-xp-prepare-homework-xp-award.js"
Homework Completions,Submission Asset: Original File Name (lookup),fldFS46avqRlCYc4i,multipleLookupValues,19,13,68.42,REPO REFERENCED,"repo hits: tools/airtable/_preview/c023-dev-stage5-S5I-rec1PzA7th0qJbsN4.json, tools/airtable/_preview/c025_stage17_prod_schema_manifest_source.json"
Homework Completions,Submission Asset: Upload Status (lookup),fldI8bGAf7c1eMwvz,multipleLookupValues,19,13,68.42,REPO REFERENCED,"repo hits: tools/airtable/_preview/c023-dev-stage5-S5I-rec1PzA7th0qJbsN4.json, tools/airtable/_preview/c025_stage17_prod_schema_manifest_source.json"
Homework Completions,Submission Asset: Uploaded At (lookup),fldfBm12yOSogVp6g,multipleLookupValues,19,7,36.84,REPO REFERENCED,"repo hits: tools/airtable/_preview/c023-dev-stage5-S5I-rec1PzA7th0qJbsN4.json, tools/airtable/_preview/c025_stage17_prod_schema_manifest_source.json"
Homework Completions,Submission Asset: Upload Error (lookup),fldtReawZBREtYrKz,multipleLookupValues,19,7,36.84,REPO REFERENCED,"repo hits: tools/airtable/_preview/c023-dev-stage5-S5I-rec1PzA7th0qJbsN4.json, tools/airtable/_preview/c025_stage17_prod_schema_manifest_source.json"
Homework Completions,Total Linked Submission Assets (rollup),fldcRGMdGYVPIGhgD,rollup,19,19,100.0,HAS DEPENDENTS,referenced by 1 field(s)
Homework Completions,Total Uploaded Submission Assets (rollup),fldz6pzDPOBEyQPIR,rollup,19,19,100.0,REPO REFERENCED,"repo hits: tools/airtable/_preview/c023-dev-stage5-S5I-rec1PzA7th0qJbsN4.json, tools/airtable/_preview/c025_stage17_prod_schema_manifest_source.json"
Homework Completions,ZZZ DELETE — Submission Asset Review Summary (invalid legacy),fldHchlovIaPlGKLk,formula,19,0,0.0,QUARANTINED FOR DELETE,renamed for Mike UI delete; Meta API field DELETE returns 404
Homework Completions,Submitted Asset File Names,fldq8HdodVgQMlylM,multipleLookupValues,19,13,68.42,REPO REFERENCED,"repo hits: tools/airtable/_preview/c023-dev-stage5-S5I-rec1PzA7th0qJbsN4.json, tools/airtable/_preview/c025_stage17_prod_schema_manifest_source.json"
Homework Completions,Submitted Asset Upload Statuses,fldwaM1YePyV7x57d,multipleLookupValues,19,13,68.42,HAS DEPENDENTS,referenced by 1 field(s)
Homework Completions,Submitted Asset Uploaded At,fldzIx93GXg7syqwA,multipleLookupValues,19,7,36.84,REPO REFERENCED,"repo hits: tools/airtable/_preview/c023-dev-stage5-S5I-rec1PzA7th0qJbsN4.json, tools/airtable/_preview/c025_stage17_prod_schema_manifest_source.json"
Homework Completions,Review Status,fld3MBgft5N0hCnbS,singleSelect,19,13,68.42,REPO REFERENCED,"repo hits: airtable/automations/shooting-challenge/007-submission-intake-and-asset-creation-duplicate-checker-for-submissions.js, airtable/automations/shooting-challenge/020-homework-link-or-create-homework-completion.js, airtable/automations/shooting-challenge/042-levels-and-progression-assign-current-and-next-level-with-gate-blocking.js"
Homework Completions,Submission Date,fldXNjet2ItpCfAZr,date,19,15,78.95,HAS DEPENDENTS,referenced by 1 field(s)
Homework Completions,Enrollment,fldfK3h5ucx3WdFNS,multipleRecordLinks,19,19,100.0,HAS DEPENDENTS,referenced by 4 field(s)
Homework Completions,Week,fldesgOUPcUoo9S2q,multipleRecordLinks,19,4,21.05,HAS DEPENDENTS,referenced by 3 field(s)
Homework Completions,Item Slot,fldnxt05lxlVRuj7p,singleSelect,19,15,78.95,HAS DEPENDENTS,referenced by 1 field(s)
Homework Completions,Homework,fldotQdQqQ7RKVQGg,multipleRecordLinks,19,15,78.95,HAS DEPENDENTS,referenced by 3 field(s)
Homework Completions,All Submitted Files Uploaded?,fldpQj6QhCexD5bMx,formula,19,19,100.0,HAS DEPENDENTS,referenced by 1 field(s)
Homework Completions,Submission Assets,fldKy5hltmJc6A8Jx,multipleRecordLinks,19,13,68.42,HAS DEPENDENTS,referenced by 17 field(s)
Homework Completions,Satisfactory?,fldh4ohAiEdp8oejg,checkbox,19,12,63.16,HAS DEPENDENTS,referenced by 3 field(s)
Homework Completions,Extra Credit?,fldLgx4GGYyfsajd5,checkbox,19,1,5.26,HAS DEPENDENTS,referenced by 1 field(s)
Homework Completions,Coach Feedback,fldARDQ1SSYLElstx,multilineText,19,13,68.42,HAS DEPENDENTS,referenced by 3 field(s)
Homework Completions,Award Status,flddYu02VLUrk4qtg,singleSelect,19,15,78.95,REPO REFERENCED,"repo hits: airtable/automations/shooting-challenge/010-submission-intake-create-xp-event.js, airtable/automations/shooting-challenge/054-achievements-and-milestones-streak-occurrences-create-or-repair-streak-xp-event.js, airtable/automations/shooting-challenge/058-achievements-and-milestones-create-perfect-week-unlock.js"
Homework Completions,Parent Feedback Ready?,fldEqqLhLQINkbzdR,checkbox,19,7,36.84,REPO REFERENCED,"repo hits: airtable/automations/shooting-challenge/071-email-notifications-and-external-handoffs-send-homework-feedback-email-webhook.js, airtable/automations/shooting-challenge/073-email-notifications-and-external-handoffs-send-video-feedback-parent-email-webhook.js, tools/airtable/export_airtable_schema.py"
Homework Completions,Parent Feedback Sent?,fldYmNDVqhFtmI8Ov,checkbox,19,0,0.0,REPO REFERENCED,"repo hits: airtable/automations/shooting-challenge/071-email-notifications-and-external-handoffs-send-homework-feedback-email-webhook.js, airtable/automations/shooting-challenge/072-email-notifications-and-external-handoffs-build-weekly-summary-email-package.js, airtable/automations/shooting-challenge/073-email-notifications-and-external-handoffs-send-video-feedback-parent-email-webhook.js"
Homework Completions,XP Events,fldBv878RIIC5tpE0,multipleRecordLinks,19,6,31.58,HAS DEPENDENTS,referenced by 1 field(s)
Homework Completions, Submission Asset Count,fldczbWDjNmiH8riS,formula,19,19,100.0,REPO REFERENCED,"repo hits: tools/airtable/_preview/c023-dev-stage5-S5I-rec1PzA7th0qJbsN4.json, tools/airtable/_preview/c025_stage17_prod_schema_manifest_source.json"
Homework Completions,Final Reflection Quiz Submissions,fldxn4crSQHzGhK3t,multipleRecordLinks,19,0,0.0,HAS DEPENDENTS,referenced by 1 field(s)
Homework Completions,Linked Asset Duplicate?,fldOeJGckQnYlWI2J,multipleLookupValues,19,13,68.42,REPO REFERENCED,"repo hits: tools/airtable/_preview/c023-dev-stage5-S5A-recF86pJTIMFoEypJ.json, tools/airtable/_preview/c023-dev-stage5-S5B-recF86pJTIMFoEypJ.json, tools/airtable/_preview/c023-dev-stage5-S5C-recF86pJTIMFoEypJ.json"
Homework Completions,Linked Asset Duplicate Status,fldutIRItKLRlcnYF,multipleLookupValues,19,7,36.84,REPO REFERENCED,"repo hits: tools/airtable/_preview/c023-dev-stage5-S5A-recF86pJTIMFoEypJ.json, tools/airtable/_preview/c023-dev-stage5-S5B-recF86pJTIMFoEypJ.json, tools/airtable/_preview/c023-dev-stage5-S5C-recF86pJTIMFoEypJ.json"
Homework Completions,Linked Asset Duplicate Notes,fldqioldeDlWcHKly,multipleLookupValues,19,7,36.84,REPO REFERENCED,"repo hits: tools/airtable/_preview/c023-dev-stage5-S5A-recF86pJTIMFoEypJ.json, tools/airtable/_preview/c023-dev-stage5-S5B-recF86pJTIMFoEypJ.json, tools/airtable/_preview/c023-dev-stage5-S5C-recF86pJTIMFoEypJ.json"
Homework Completions,Linked Asset Duplicate Match Record,fldoOVFGOHb32c0wZ,multipleLookupValues,19,1,5.26,REPO REFERENCED,"repo hits: tools/airtable/_preview/c023-dev-stage5-S5A-recF86pJTIMFoEypJ.json, tools/airtable/_preview/c023-dev-stage5-S5B-recF86pJTIMFoEypJ.json, tools/airtable/_preview/c023-dev-stage5-S5C-recF86pJTIMFoEypJ.json"
Homework Completions,Linked Asset Duplicate Match Strength,fldtFXniAJjGVu19u,multipleLookupValues,19,7,36.84,REPO REFERENCED,"repo hits: tools/airtable/_preview/c023-dev-stage5-S5A-recF86pJTIMFoEypJ.json, tools/airtable/_preview/c023-dev-stage5-S5B-recF86pJTIMFoEypJ.json, tools/airtable/_preview/c023-dev-stage5-S5C-recF86pJTIMFoEypJ.json"
Homework Completions,Linked Asset Duplicate Review Status,fldWFJGKzeXneoEHQ,multipleLookupValues,19,0,0.0,REPO REFERENCED,repo hits: tools/airtable/_preview/c025_stage17_prod_schema_manifest_source.json
Homework Completions,Final Reflection Quiz Submissions 2,fldTXDGG63jE9cGW0,singleLineText,19,0,0.0,REPO REFERENCED,repo hits: tools/airtable/_preview/c025_stage17_prod_schema_manifest_source.json
Homework Completions,Activity XP Display Label,fld5VXYlgJgFy6rhq,formula,19,19,100.0,REPO REFERENCED,"repo hits: tools/airtable/_preview/c023-dev-stage5-S5C-recF86pJTIMFoEypJ.json, tools/airtable/_preview/c023-dev-stage5-S5D-recF86pJTIMFoEypJ.json, tools/airtable/_preview/c023-dev-stage5-S5E-recF86pJTIMFoEypJ.json"
Homework Completions,Testing Scenarios,fld2HwO24PSdURGEo,multipleRecordLinks,19,0,0.0,REPO REFERENCED,"repo hits: airtable/automations/shooting-challenge/115-engineering-test-framework-run-testing-scenario-daily-submission.js, tools/airtable/overnight_config_xp_prod_probe.py, tools/airtable/_c025_stage17_create_etf_scenario.py"
Homework Completions,Program Homework Assignment,fldmhkFv4qVxfnROP,multipleRecordLinks,19,3,15.79,HAS DEPENDENTS,referenced by 1 field(s)
Homework Completions,Review Status - Calculated,fldNA5yrvHZZ3NLGl,formula,19,19,100.0,REPO REFERENCED,repo hits: tools/testing/repair_perfect_week_testing.mjs
Homework Completions,Homework XP Enrollment Signature - Lkp,fldLsp9LpWsuKkoq9,multipleLookupValues,19,19,100.0,HAS DEPENDENTS,referenced by 1 field(s)
Homework Completions,Homework XP PHA Signature - Lkp,fldTLYHIvjqJKT7IP,multipleLookupValues,19,3,15.79,HAS DEPENDENTS,referenced by 1 field(s)
Homework Completions,Homework XP Event Signature - Lkp,fldbbuLny0aBTNQJk,multipleLookupValues,19,6,31.58,HAS DEPENDENTS,referenced by 1 field(s)
Homework Completions,Homework XP Current Signature,fldZVNIZGkCQJg0ri,formula,19,19,100.0,HAS DEPENDENTS,referenced by 1 field(s)
Homework Completions,Last Homework XP Reconciled Signature,fldNEGMouVy1slkUz,singleLineText,19,13,68.42,HAS DEPENDENTS,referenced by 1 field(s)
Homework Completions,Homework XP Reconciliation Needed?,fldNfgScUEeClwGUg,formula,19,19,100.0,REPO REFERENCED,"repo hits: airtable/automations/shooting-challenge/065-homework-review-and-xp-create-homework-xp-event.js, tools/testing/repair_perfect_week_testing.mjs, tools/testing/lib/sc-athlete-wf-lib.mjs"
Homework Completions,Submission Asset: Reviewer File URL (lookup),fldmPeEfBGiTKjbJq,multipleLookupValues,19,13,68.42,ACTIVE / KEEP,68.42% populated
Homework Completions,RecordId,fldoORAYyCaFUgoWN,formula,19,19,100.0,REPO REFERENCED,"repo hits: airtable/automations/shooting-challenge/001-enrollment-intake-and-setup-find-or-create-athlete-and-link-enrollment.js, airtable/automations/shooting-challenge/002-enrollment-intake-and-setup-assign-grade-band-initial.js, airtable/automations/shooting-challenge/003-enrollment-intake-and-setup-assign-grade-band-if-grade-changes.js"
Weeks,Week Name,fldvNgDbrO0yWuWrr,singleLineText,12,12,100.0,HAS DEPENDENTS,referenced by 1 field(s)
Weeks,Record ID,fld5u278sXt1d4QvM,formula,12,12,100.0,HAS DEPENDENTS,referenced by 2 field(s)
Weeks,Start Date,fldbvSVciJzE7DnxF,dateTime,12,12,100.0,HAS DEPENDENTS,referenced by 2 field(s)
Weeks,End Date,fldKvPoOKSDcvuii7,dateTime,12,12,100.0,HAS DEPENDENTS,referenced by 3 field(s)
Weeks,Video Feedback,fld8tdkjgyYmrs4Eq,singleLineText,12,0,0.0,REPO REFERENCED,"repo hits: airtable/automations/shooting-challenge/009-submission-intake-create-submission-assets.js, airtable/automations/shooting-challenge/013-submission-intake-create-or-link-video-feedback.js, airtable/automations/shooting-challenge/020-homework-link-or-create-homework-completion.js"
Weeks,Submission Assets,fldo906P9t7nj9xmn,singleLineText,12,0,0.0,REPO REFERENCED,"repo hits: airtable/automations/shooting-challenge/009-submission-intake-create-submission-assets.js, airtable/automations/shooting-challenge/013-submission-intake-create-or-link-video-feedback.js, airtable/automations/shooting-challenge/020-homework-link-or-create-homework-completion.js"
Weeks,Week Key,fldHpANf8BGrg64kb,formula,12,12,100.0,HAS DEPENDENTS,referenced by 1 field(s)
Weeks,Config - Lnk,fldmxGJwgb8zOREWP,multipleRecordLinks,12,11,91.67,HAS DEPENDENTS,referenced by 1 field(s)
Weeks,Submissions,fld8hxWh7fATBLghL,multipleRecordLinks,12,2,16.67,REPO REFERENCED,"repo hits: airtable/automations/shooting-challenge/005-submission-intake-and-asset-creation-assign-week-to-submission-homework-first.js, airtable/automations/shooting-challenge/006-submission-intake-and-asset-creation-set-video-count.js, airtable/automations/shooting-challenge/007-submission-intake-and-asset-creation-duplicate-checker-for-submissions.js"
Weeks,Award Recipients,fldlFt4ncOqw44HCW,multipleRecordLinks,12,0,0.0,REPO REFERENCED,"repo hits: tools/airtable/audit_awards_catalog_and_connections.py, tools/airtable/audit_final_awards.py, tools/airtable/audit_goal_conquer_reconciliation.py"
Weeks,Weekly Athlete Summary,fld6YRmWGdKPQk8Vg,multipleRecordLinks,12,2,16.67,REPO REFERENCED,"repo hits: airtable/automations/shooting-challenge/010-submission-intake-create-xp-event.js, airtable/automations/shooting-challenge/020-homework-link-or-create-homework-completion.js, airtable/automations/shooting-challenge/030-weekly-summary-and-goal-logic-copy-enrollment-grade-band-to-weekly-summary.js"
Weeks,Achievements,fld4UZ2Lf1lARdCkz,multipleRecordLinks,12,0,0.0,REPO REFERENCED,"repo hits: airtable/automations/shooting-challenge/053-achievements-and-milestones-streak-occurrences-rebuild-and-upsert-from-submissions.js, airtable/automations/shooting-challenge/054-achievements-and-milestones-streak-occurrences-create-or-repair-streak-xp-event.js, airtable/automations/shooting-challenge/055-achievements-and-milestones-recalculate-current-shooting-streak-from-submission.js"
Weeks,Athlete Achievement Unlocks,fldgUOHI9XmxtmWmD,multipleRecordLinks,12,1,8.33,REPO REFERENCED,"repo hits: airtable/automations/shooting-challenge/058-achievements-and-milestones-create-perfect-week-unlock.js, airtable/automations/shooting-challenge/059-achievements-and-milestones-create-xp-event-from-achievement-unlock.js, airtable/automations/shooting-challenge/066-achievements-and-milestones-create-shot-milestone-unlocks.js"
Weeks,XP Events,fldchUzF9JSCQzxai,multipleRecordLinks,12,1,8.33,REPO REFERENCED,"repo hits: airtable/automations/shooting-challenge/010-submission-intake-create-xp-event.js, airtable/automations/shooting-challenge/031-weekly-summary-and-goal-logic-find-or-create-weekly-athlete-summary-from-submission.js, airtable/automations/shooting-challenge/035-weekly-summary-and-goal-logic-create-weekly-threshold-xp-events.js"
Weeks,Homework Completions,fldBCFzjforqsWunR,multipleRecordLinks,12,2,16.67,REPO REFERENCED,"repo hits: airtable/automations/shooting-challenge/020-homework-link-or-create-homework-completion.js, airtable/automations/shooting-challenge/022-submission-intake-sync-child-upload-writeback-from-submission-asset.js, airtable/automations/shooting-challenge/033-weekly-summary-and-goal-logic-assign-homework-to-weekly-athlete-summary.js"
Weeks,FBC Curriculum - SYNC,fldTJZEWORITbiZKe,singleLineText,12,0,0.0,REPO REFERENCED,"repo hits: web/lib/airtable/public-tables.ts, tools/airtable/generate_final_summary_preview.py, tools/airtable/preview_final_email.py"
Weeks,Zoom Meetings,fldXFQaclGkhzX19o,multipleRecordLinks,12,2,16.67,HAS DEPENDENTS,referenced by 1 field(s)
Weeks,Streak Occurrences,fldxUGRr7iLw4WUVU,multipleRecordLinks,12,0,0.0,REPO REFERENCED,"repo hits: airtable/automations/shooting-challenge/053-achievements-and-milestones-streak-occurrences-rebuild-and-upsert-from-submissions.js, airtable/automations/shooting-challenge/054-achievements-and-milestones-streak-occurrences-create-or-repair-streak-xp-event.js, tools/validate-v2-release-readiness.js"
Weeks,Program Instance,fldBsA60l4ONazDba,multipleRecordLinks,12,12,100.0,HAS DEPENDENTS,referenced by 2 field(s)
Weeks,Program Homework Assignments,fldhoZuVOZgvRZv5c,multipleRecordLinks,12,9,75.0,REPO REFERENCED,"repo hits: airtable/automations/shooting-challenge/005-submission-intake-and-asset-creation-assign-week-to-submission-homework-first.js, airtable/automations/shooting-challenge/020-homework-link-or-create-homework-completion.js, airtable/automations/shooting-challenge/033-weekly-summary-and-goal-logic-assign-homework-to-weekly-athlete-summary.js"
Weeks,Reconciliation Source Signature,fld4CCio1Ns2m460l,formula,12,12,100.0,HAS DEPENDENTS,referenced by 1 field(s)
Weeks,Zoom XP Week Signature,fldDJt0kzxARn8vnz,formula,12,12,100.0,HAS DEPENDENTS,referenced by 1 field(s)
Weeks,Counts Toward Challenge?,fldjXvEIZ3mm5fJxL,checkbox,12,10,83.33,HAS DEPENDENTS,referenced by 1 field(s)
Program Instance - Sync,Name - Program Instance,fldrLB3z3EcgeLS72,multilineText,3,3,100.0,REPO REFERENCED,"repo hits: airtable/automations/shooting-challenge/071-email-notifications-and-external-handoffs-send-homework-feedback-email-webhook.js, airtable/automations/shooting-challenge/073-email-notifications-and-external-handoffs-send-video-feedback-parent-email-webhook.js, airtable/automations/shooting-challenge/074-email-notifications-and-external-handoffs-send-weekly-summary-email-package-to-make.js"
Program Instance - Sync,Program - Linked,fldYXOVK4BgbWdP8A,singleLineText,3,3,100.0,HAS DEPENDENTS,referenced by 1 field(s)
Program Instance - Sync,Event - Linked,fldyM4Gj74Hpm7vQj,singleLineText,3,0,0.0,EMPTY — REVIEW,empty with no verified deps; confirm product intent
Program Instance - Sync,School Year - Linked,fldEQox8V8964YGhR,singleLineText,3,3,100.0,HAS DEPENDENTS,referenced by 1 field(s)
Program Instance - Sync,Start Date,fldpcPPBBmKw8v2xg,dateTime,3,3,100.0,REPO REFERENCED,"repo hits: airtable/automations/shooting-challenge/005-submission-intake-and-asset-creation-assign-week-to-submission-homework-first.js, airtable/automations/shooting-challenge/010-submission-intake-create-xp-event.js, airtable/automations/shooting-challenge/034-weekly-summary-and-goal-logic-set-previous-week-helper-values.js"
Program Instance - Sync,End Date,fldg6KMb12xcdk9uY,dateTime,3,3,100.0,REPO REFERENCED,"repo hits: airtable/automations/shooting-challenge/005-submission-intake-and-asset-creation-assign-week-to-submission-homework-first.js, airtable/automations/shooting-challenge/010-submission-intake-create-xp-event.js, airtable/automations/shooting-challenge/020-homework-link-or-create-homework-completion.js"
Program Instance - Sync,Registration Open,fldBBH43hK1LwV1Z6,dateTime,3,3,100.0,REPO REFERENCED,"repo hits: airtable/automations/shooting-challenge/075-email-notifications-and-external-handoffs-build-challenge-welcome-email.js, lib/challenge-year/contract.js"
Program Instance - Sync,Registration Closes,fldrxwx2EVjrIYzJm,dateTime,3,3,100.0,REPO REFERENCED,"repo hits: airtable/automations/shooting-challenge/075-email-notifications-and-external-handoffs-build-challenge-welcome-email.js, lib/challenge-year/contract.js"
Program Instance - Sync,Status,fldIW9Ep1PPpH53fu,singleSelect,3,3,100.0,ACTIVE / KEEP,100.00% populated
Program Instance - Sync,Cost,fldCBsMM09VkmqmDO,currency,3,3,100.0,ACTIVE / KEEP,100.00% populated
Program Instance - Sync,Season,fldJXvQ8hHvlUFe1Q,singleSelect,3,3,100.0,ACTIVE / KEEP,100.00% populated
Program Instance - Sync,Registration Required,fldmJnrgLc7hujEQm,checkbox,3,3,100.0,REPO REFERENCED,repo hits: airtable/automations/shooting-challenge/075-email-notifications-and-external-handoffs-build-challenge-welcome-email.js
Program Instance - Sync,Price - Early Bird,fld586b23QhrJCIPN,currency,3,3,100.0,REPO REFERENCED,"repo hits: airtable/automations/shooting-challenge/075-email-notifications-and-external-handoffs-build-challenge-welcome-email.js, web/lib/data/program-pricing.ts"
Program Instance - Sync,Deadline - Early Bird,fldUTuBd7kPYHNAws,dateTime,3,3,100.0,REPO REFERENCED,"repo hits: airtable/automations/shooting-challenge/075-email-notifications-and-external-handoffs-build-challenge-welcome-email.js, web/lib/data/program-pricing.ts, tools/airtable/_preview/c025_related_fields.json"
Program Instance - Sync,Price - Regular,fld5zktvS9kc9SUrQ,currency,3,3,100.0,REPO REFERENCED,"repo hits: airtable/automations/shooting-challenge/075-email-notifications-and-external-handoffs-build-challenge-welcome-email.js, web/lib/data/program-pricing.ts"
Program Instance - Sync,Deadline - Regular Price,fld5k390TYM0ll7YP,dateTime,3,3,100.0,REPO REFERENCED,"repo hits: airtable/automations/shooting-challenge/075-email-notifications-and-external-handoffs-build-challenge-welcome-email.js, web/lib/data/program-pricing.ts, tools/airtable/_preview/c025_related_fields.json"
Program Instance - Sync,Price - Late,fldXzFiEn9BQCoKJX,currency,3,3,100.0,REPO REFERENCED,"repo hits: airtable/automations/shooting-challenge/075-email-notifications-and-external-handoffs-build-challenge-welcome-email.js, web/lib/data/program-pricing.ts"
Program Instance - Sync,Calendar Integration,fldZE4LSdCeirrtgi,singleLineText,3,3,100.0,ACTIVE / KEEP,100.00% populated
Program Instance - Sync,Roster Group,fldYpggT5TUiG9TDL,singleLineText,3,0,0.0,EMPTY — REVIEW,empty with no verified deps; confirm product intent
Program Instance - Sync,Description,fldUhKo0q9AJ67VNH,richText,3,3,100.0,REPO REFERENCED,"repo hits: airtable/automations/shooting-challenge/075-email-notifications-and-external-handoffs-build-challenge-welcome-email.js, airtable/automations/shooting-challenge/078A-email-notifications-and-external-handoffs-enrollment-create-welcome-email-handoff.js, web/tests/search-indexing.spec.ts"
Program Instance - Sync,Cover Image,fldoBjUoDkBJjIOmk,multipleAttachments,3,3,100.0,REPO REFERENCED,"repo hits: airtable/automations/shooting-challenge/075-email-notifications-and-external-handoffs-build-challenge-welcome-email.js, airtable/automations/shooting-challenge/076-email-notifications-and-external-handoffs-build-daily-submission-email-package.js, web/lib/airtable/homework-queries.ts"
Program Instance - Sync,QR - Registration,fldCFhtTTZ3uDjTMa,multipleAttachments,3,0,0.0,EMPTY — REVIEW,empty with no verified deps; confirm product intent
Program Instance - Sync,Program Code,fldgjw0b4OF5Dbxa1,singleSelect,3,0,0.0,REPO REFERENCED,repo hits: airtable/automations/shooting-challenge/075-email-notifications-and-external-handoffs-build-challenge-welcome-email.js
Program Instance - Sync,Program Instance Key,fldIvI3K0RhOFJKCJ,multilineText,3,3,100.0,REPO REFERENCED,repo hits: tools/testing/seed_pha_from_curriculum.mjs
Program Instance - Sync,Registration URL,fldp7xrTqe1R0seSK,url,3,3,100.0,REPO REFERENCED,"repo hits: airtable/automations/shooting-challenge/075-email-notifications-and-external-handoffs-build-challenge-welcome-email.js, web/lib/registration.test.ts"
Program Instance - Sync,Daily Submission URL,fld4c6AyYxQMEH29y,url,3,2,66.67,REPO REFERENCED,"repo hits: airtable/automations/shooting-challenge/075-email-notifications-and-external-handoffs-build-challenge-welcome-email.js, airtable/automations/shooting-challenge/076-email-notifications-and-external-handoffs-build-daily-submission-email-package.js, airtable/automations/shooting-challenge/078A-email-notifications-and-external-handoffs-enrollment-create-welcome-email-handoff.js"
Program Instance - Sync,Welcome - Website URL,fldnQTVvC8VxSRgu0,url,3,3,100.0,REPO REFERENCED,"repo hits: airtable/automations/shooting-challenge/075-email-notifications-and-external-handoffs-build-challenge-welcome-email.js, airtable/automations/shooting-challenge/078A-email-notifications-and-external-handoffs-enrollment-create-welcome-email-handoff.js"
Program Instance - Sync,Enrollments,fldWuPJCPJebVdcBg,multipleRecordLinks,3,1,33.33,REPO REFERENCED,"repo hits: airtable/automations/shooting-challenge/001-enrollment-intake-and-setup-find-or-create-athlete-and-link-enrollment.js, airtable/automations/shooting-challenge/002-enrollment-intake-and-setup-assign-grade-band-initial.js, airtable/automations/shooting-challenge/003-enrollment-intake-and-setup-assign-grade-band-if-grade-changes.js"
Program Instance - Sync,Welcome - Subject Line,fldi8RUj4IoVXoAdK,singleLineText,3,0,0.0,REPO REFERENCED,repo hits: airtable/automations/shooting-challenge/075-email-notifications-and-external-handoffs-build-challenge-welcome-email.js
Program Instance - Sync,Welcome - Intro Note,fldprXB4nEftYx417,multilineText,3,0,0.0,REPO REFERENCED,"repo hits: airtable/automations/shooting-challenge/075-email-notifications-and-external-handoffs-build-challenge-welcome-email.js, airtable/automations/shooting-challenge/078A-email-notifications-and-external-handoffs-enrollment-create-welcome-email-handoff.js"
Program Instance - Sync,Why This Matters,fldLljmlGq7UwYP3h,multilineText,3,0,0.0,REPO REFERENCED,"repo hits: airtable/automations/shooting-challenge/075-email-notifications-and-external-handoffs-build-challenge-welcome-email.js, airtable/automations/shooting-challenge/078A-email-notifications-and-external-handoffs-enrollment-create-welcome-email-handoff.js"
Program Instance - Sync,Award Recipients,fld82bOsQ2CLs0IaU,singleLineText,3,0,0.0,REPO REFERENCED,"repo hits: tools/airtable/audit_awards_catalog_and_connections.py, tools/airtable/audit_final_awards.py, tools/airtable/audit_goal_conquer_reconciliation.py"
Program Instance - Sync,Weeks,fld1Vcr2wdEs7BftY,multipleRecordLinks,3,1,33.33,REPO REFERENCED,repo hits: tools/airtable/_preview/c025_stage17_prod_schema_manifest_source.json
Program Instance - Sync,Submissions,fldMm8XUX9o5xXOE0,multipleRecordLinks,3,0,0.0,REPO REFERENCED,"repo hits: airtable/automations/shooting-challenge/005-submission-intake-and-asset-creation-assign-week-to-submission-homework-first.js, airtable/automations/shooting-challenge/006-submission-intake-and-asset-creation-set-video-count.js, airtable/automations/shooting-challenge/007-submission-intake-and-asset-creation-duplicate-checker-for-submissions.js"
Program Instance - Sync,Record Id,fldIR3bOa82zrGrmt,formula,3,3,100.0,HAS DEPENDENTS,referenced by 1 field(s)
Program Instance - Sync,Program Homework Assignments,fldE0QGSS6yfUKEDO,multipleRecordLinks,3,1,33.33,REPO REFERENCED,"repo hits: airtable/automations/shooting-challenge/005-submission-intake-and-asset-creation-assign-week-to-submission-homework-first.js, airtable/automations/shooting-challenge/020-homework-link-or-create-homework-completion.js, airtable/automations/shooting-challenge/033-weekly-summary-and-goal-logic-assign-homework-to-weekly-athlete-summary.js"
Program Instance - Sync,Target Goal Shots,fldj6tSi7LmIliMzP,multipleRecordLinks,3,1,33.33,REPO REFERENCED,"repo hits: airtable/automations/shooting-challenge/032-weekly-summary-and-goal-logic-link-challenge-goal-record-to-weekly-athlete-summary.js, airtable/automations/shooting-challenge/057-achievements-and-milestones-calculate-perfect-week-eligibility.js, airtable/automations/shooting-challenge/058-achievements-and-milestones-create-perfect-week-unlock.js"
Program Instance - Sync,Active School Year,fldB1SRnDH2pjWkqG,multipleRecordLinks,3,3,100.0,HAS DEPENDENTS,referenced by 1 field(s)
Program Instance - Sync,Minimum Video ,fldnKF50AmRwMJ2U3,multipleLookupValues,3,3,100.0,HAS DEPENDENTS,referenced by 1 field(s)
School - Synced,Name,fldjX2tzJYOSJZaVc,singleLineText,1241,1240,99.92,HAS DEPENDENTS,referenced by 1 field(s)
School - Synced,State,fldKdrgVdcy97c41a,singleSelect,1241,1240,99.92,HAS DEPENDENTS,referenced by 1 field(s)
School - Synced,School Level,fldsYASCIVg0loAxy,singleSelect,1241,774,62.37,ACTIVE / KEEP,62.37% populated
School - Synced,Classification,fldbt9gE9huSdSokt,singleSelect,1241,434,34.97,REPO REFERENCED,"repo hits: airtable/automations/shooting-challenge/022-submission-intake-sync-child-upload-writeback-from-submission-asset.js, tools/docs/audit-automation-hardcodes.mjs, tools/tutorials-content/lib/duplicate-detector.js"
School - Synced,Division,fldpuvDFLRlQTK7G6,singleSelect,1241,398,32.07,ACTIVE / KEEP,32.07% populated
School - Synced,District,fld89SDeM7OI18FR3,singleSelect,1241,145,11.68,ACTIVE / KEEP,11.68% populated
School - Synced,Colors,fldSJKRyzZkNcwjFH,singleSelect,1241,209,16.84,ACTIVE / KEEP,16.84% populated
School - Synced,Song,fldLTYTIIa1QHi8ti,singleSelect,1241,198,15.95,ACTIVE / KEEP,15.95% populated
School - Synced,Nickname,fldBiSQI4Tuoq9PdM,singleSelect,1241,216,17.41,ACTIVE / KEEP,17.41% populated
School - Synced,Mascot,fldQU5l6GZ5DbHfxd,multipleAttachments,1241,230,18.53,HAS DEPENDENTS,referenced by 1 field(s)
School - Synced,Website,fldeaUIkJcKP0qn0t,url,1241,16,1.29,NEARLY EMPTY — REVIEW,1.29% populated; no formula deps
School - Synced,Zip,fldLocyPq23cdbK4A,singleLineText,1241,740,59.63,ACTIVE / KEEP,59.63% populated
School - Synced,City,fldhiCgiutE4Zz82t,singleLineText,1241,778,62.69,ACTIVE / KEEP,62.69% populated
School - Synced,Physical Address,fldVAATVVBWCfWupm,singleLineText,1241,743,59.87,REPO REFERENCED,repo hits: tools/airtable/_preview/c025_stage17_prod_schema_manifest_source.json
School - Synced,Mailing Address,fldSc8fJMs5z2HPKw,singleLineText,1241,118,9.51,REPO REFERENCED,repo hits: tools/airtable/_preview/c025_stage17_prod_schema_manifest_source.json
School - Synced,Mailing Block,fldTX9XZ2Lfymj1d1,multilineText,1241,0,0.0,EMPTY — REVIEW,empty with no verified deps; confirm product intent
School - Synced,Mailing Address - Formatted,fldwzONcOj2q5nwB7,multilineText,1241,118,9.51,ACTIVE / KEEP,9.51% populated
School - Synced,Physical Address - Formatted,fldqHJGNJ78dnfZvh,multilineText,1241,743,59.87,ACTIVE / KEEP,59.87% populated
School - Synced,School Phone,fld7hwCGDmBUmo3ht,phoneNumber,1241,611,49.23,ACTIVE / KEEP,49.23% populated
School - Synced,People,fldhafhe1hpt6EflS,singleLineText,1241,74,5.96,ACTIVE / KEEP,5.96% populated
School - Synced,Role Appointments - AD,fldRj8ORXBNk0PpOZ,singleLineText,1241,205,16.52,ACTIVE / KEEP,16.52% populated
School - Synced,Current Athletic Director,fldKXb3jMH8YmHKPM,number,1241,1241,100.0,ACTIVE / KEEP,100.00% populated
School - Synced,Cell Number - Lookup,fldj6IVgkeS9CWaHY,singleLineText,1241,63,5.08,ACTIVE / KEEP,5.08% populated
School - Synced,Email - Lookup,fldkBRvgwuEy0cQJY,singleLineText,1241,204,16.44,ACTIVE / KEEP,16.44% populated
School - Synced,Name - Cleaned,fld2pnXM3sPqK0ni8,multilineText,1241,1240,99.92,ACTIVE / KEEP,99.92% populated
School - Synced,Facilities,fldvsDjHUhAGXiugp,singleLineText,1241,207,16.68,ACTIVE / KEEP,16.68% populated
School - Synced,Name - Display,fldyh6zuatkpduCcn,multilineText,1241,1241,100.0,REPO REFERENCED,"repo hits: web/lib/airtable/homework-queries.test.ts, web/lib/airtable/homework-queries.ts, web/lib/airtable/public-athlete-homework-queries.ts"
School - Synced,Team,fldSWZ4VcsECnuPuY,singleLineText,1241,1,0.08,NEARLY EMPTY — REVIEW,0.08% populated; no formula deps
School - Synced,JH League,fldTZURXr9gS3HcnL,singleSelect,1241,9,0.73,NEARLY EMPTY — REVIEW,0.73% populated; no formula deps
School - Synced,Enrollments,fld0FxgUyjzdIcxYx,multipleRecordLinks,1241,11,0.89,REPO REFERENCED,"repo hits: airtable/automations/shooting-challenge/001-enrollment-intake-and-setup-find-or-create-athlete-and-link-enrollment.js, airtable/automations/shooting-challenge/002-enrollment-intake-and-setup-assign-grade-band-initial.js, airtable/automations/shooting-challenge/003-enrollment-intake-and-setup-assign-grade-band-if-grade-changes.js"
School - Synced,OLD - DELETE OK,fld6J9l5Du6nYsj8G,checkbox,1241,705,56.81,ACTIVE / KEEP,56.81% populated
Level Gate Rules,Level Gate Rule Name,fldqMSIUmI2K2920W,singleLineText,12,12,100.0,REPO REFERENCED,"repo hits: airtable/automations/shooting-challenge/042-levels-and-progression-assign-current-and-next-level-with-gate-blocking.js, airtable/automations/shooting-challenge/043-levels-and-progression-set-level-gate-rule-from-next-level.js, airtable/automations/shooting-challenge/lib/041-042-reconciled-signature-contract.test.js"
Level Gate Rules,Level,fldmjqf8Eayve9d2q,multipleRecordLinks,12,12,100.0,HAS DEPENDENTS,referenced by 3 field(s)
Level Gate Rules,Level Name (Lookup),fldRMBR0Oy7u28yMd,multipleLookupValues,12,12,100.0,REPO REFERENCED,"repo hits: tools/airtable/overnight_config_xp_analyze.py, tools/airtable/overnight_config_xp_prod_probe.py, tools/airtable/_preview/c025_stage17_prod_schema_manifest_source.json"
Level Gate Rules,School Year / Rule Set,fldbeN62KVvmAjxYx,singleLineText,12,12,100.0,REPO REFERENCED,"repo hits: airtable/automations/shooting-challenge/041-levels-and-progression-mark-enrollment-for-level-recalculation.js, airtable/automations/shooting-challenge/042-levels-and-progression-assign-current-and-next-level-with-gate-blocking.js, airtable/automations/shooting-challenge/043-levels-and-progression-set-level-gate-rule-from-next-level.js"
Level Gate Rules,Version Active?,fld7Yg5c7HTHqu0xj,checkbox,12,12,100.0,HAS DEPENDENTS,referenced by 1 field(s)
Level Gate Rules,Minimum Submissions,fldvWKeUf1xf2H0JK,number,12,12,100.0,HAS DEPENDENTS,referenced by 2 field(s)
Level Gate Rules,Minimum Homework,fldn9GN6ggEwENF1p,number,12,12,100.0,HAS DEPENDENTS,referenced by 2 field(s)
Level Gate Rules,Minimum Videos,fldZqzsPncNyN0gBQ,number,12,12,100.0,HAS DEPENDENTS,referenced by 2 field(s)
Level Gate Rules,Minimum Zoom Meetings,fldyWZ77e9BgnHuBz,number,12,12,100.0,HAS DEPENDENTS,referenced by 2 field(s)
Level Gate Rules,Minimum Streak Days,fldy0V8N8vuLs0ggc,number,12,12,100.0,HAS DEPENDENTS,referenced by 2 field(s)
Level Gate Rules,Gate Enabled?,fldGwszPuPkmo2ROq,checkbox,12,11,91.67,HAS DEPENDENTS,referenced by 3 field(s)
Level Gate Rules,Level Rank (Lookup),fldyUUxYtGHeVEvWR,multipleLookupValues,12,12,100.0,REPO REFERENCED,repo hits: tools/airtable/_preview/c025_stage17_prod_schema_manifest_source.json
Level Gate Rules,Enrollments Checked by This Gate,fldq2UsICe8sVBjbe,multipleRecordLinks,12,3,25.0,REPO REFERENCED,"repo hits: tools/airtable/_preview/c025_stage17_prod_schema_manifest_source.json, tools/airtable/_preview/_stage17_audit_extract.json"
Level Gate Rules,Public Gate Criteria,fldLHztmV49d5v4Pq,formula,12,11,91.67,HAS DEPENDENTS,referenced by 1 field(s)
Level Gate Rules,Public Gate Rules - Active Only,fldyQKthaqgxk3nr4,formula,12,11,91.67,HAS DEPENDENTS,referenced by 1 field(s)
Level Gate Rules,Global Config,fldjzyWnUG7Q0vrkj,multipleRecordLinks,12,12,100.0,REPO REFERENCED,"repo hits: airtable/automations/shooting-challenge/lib/c025-stage17-zoom-attendance.js, tools/airtable/_preview/c025_archive_rename_temp_fields.json, tools/airtable/_preview/c025_checkbox_lookup_repair_verify.json"
Levels,Level Name,fldOXE187GbNwxXka,singleLineText,12,12,100.0,HAS DEPENDENTS,referenced by 1 field(s)
Levels,Level Name with Color,fldskFKlnUPVZYxqQ,singleSelect,12,12,100.0,REPO REFERENCED,"repo hits: web/lib/airtable/queries.ts, web/lib/data/levels.test.ts, web/lib/data/levels.ts"
Levels,Cover Image,fldCajx5rvJWrK81n,multipleAttachments,12,12,100.0,REPO REFERENCED,"repo hits: airtable/automations/shooting-challenge/075-email-notifications-and-external-handoffs-build-challenge-welcome-email.js, airtable/automations/shooting-challenge/076-email-notifications-and-external-handoffs-build-daily-submission-email-package.js, web/lib/airtable/homework-queries.ts"
Levels,XP Required (Cumulative),fldsvQz2K5W2Cg12V,number,12,12,100.0,HAS DEPENDENTS,referenced by 4 field(s)
Levels,XP From Previous Level,fld0CEc1KKpTG8umq,formula,12,12,100.0,REPO REFERENCED,"repo hits: web/lib/airtable/queries.ts, web/lib/data/levels.ts, tools/airtable/_preview/c025_stage17_prod_schema_manifest_source.json"
Levels,Previous Level,flde7C9ThfNE9H9YF,multipleRecordLinks,12,11,91.67,HAS DEPENDENTS,referenced by 2 field(s)
Levels,Next Level,fldygwZv5wLEjW3uH,multipleRecordLinks,12,11,91.67,REPO REFERENCED,"repo hits: airtable/automations/shooting-challenge/041-levels-and-progression-mark-enrollment-for-level-recalculation.js, airtable/automations/shooting-challenge/042-levels-and-progression-assign-current-and-next-level-with-gate-blocking.js, airtable/automations/shooting-challenge/043-levels-and-progression-set-level-gate-rule-from-next-level.js"
Levels,Enrollments,fldcn9IgfenUu1sLn,singleLineText,12,0,0.0,REPO REFERENCED,"repo hits: airtable/automations/shooting-challenge/001-enrollment-intake-and-setup-find-or-create-athlete-and-link-enrollment.js, airtable/automations/shooting-challenge/002-enrollment-intake-and-setup-assign-grade-band-initial.js, airtable/automations/shooting-challenge/003-enrollment-intake-and-setup-assign-grade-band-if-grade-changes.js"
Levels,Active?,fld297P1ZsUsB1VaH,checkbox,12,12,100.0,REPO REFERENCED,repo hits: tools/airtable/_preview/c025_stage17_prod_schema_manifest_source.json
Levels,Sort Order,fldm3ie3koWeo0pYu,number,12,12,100.0,HAS DEPENDENTS,referenced by 1 field(s)
Levels,Enrollments 2,flddtorozO41fVy8z,singleLineText,12,0,0.0,REPO REFERENCED,repo hits: tools/airtable/_preview/c025_stage17_prod_schema_manifest_source.json
Levels,Enrollments 3,fldTzIGODB2e03rvE,singleLineText,12,0,0.0,REPO REFERENCED,repo hits: tools/airtable/_preview/c025_stage17_prod_schema_manifest_source.json
Levels,Enrollments - Current Level,fldIZT5MWgMskwF8s,multipleRecordLinks,12,3,25.0,REPO REFERENCED,"repo hits: tools/airtable/_preview/c025_stage17_prod_schema_manifest_source.json, tools/airtable/_preview/_stage17_audit_extract.json, tests/data-model/field-contracts.test.js"
Levels,Enrollments - Next Level,fldtaYEIwRvRKYkvb,multipleRecordLinks,12,3,25.0,REPO REFERENCED,"repo hits: tools/airtable/_preview/c025_stage17_prod_schema_manifest_source.json, tools/airtable/_preview/_stage17_audit_extract.json, tests/data-model/field-contracts.test.js"
Levels,Weekly Athlete Summary,fld3P2zc2MyyolAUs,singleLineText,12,0,0.0,REPO REFERENCED,"repo hits: airtable/automations/shooting-challenge/010-submission-intake-create-xp-event.js, airtable/automations/shooting-challenge/020-homework-link-or-create-homework-completion.js, airtable/automations/shooting-challenge/030-weekly-summary-and-goal-logic-copy-enrollment-grade-band-to-weekly-summary.js"
Levels,Previous Level XP Required,fldPvSUGEBiNP6IfG,multipleLookupValues,12,11,91.67,HAS DEPENDENTS,referenced by 1 field(s)
Levels,Rank,fldkXCHwTnNASyEtL,number,12,12,100.0,HAS DEPENDENTS,referenced by 1 field(s)
Levels,Level Gate Rules,fldyxZPYMh8qK8Gw1,multipleRecordLinks,12,12,100.0,HAS DEPENDENTS,referenced by 1 field(s)
Levels,Unlock Message,fldndSUIdaAXdWqrN,richText,12,12,100.0,REPO REFERENCED,repo hits: tools/airtable/_preview/c025_stage17_prod_schema_manifest_source.json
Levels,Public Gate Criteria,fldgIHfyM8hwhSrpy,rollup,12,11,91.67,REPO REFERENCED,"repo hits: web/lib/airtable/queries.ts, web/lib/data/levels.ts, tools/airtable/_preview/c025_stage17_prod_schema_manifest_source.json"
Shot Milestones,Milestone Label,fldnlrfQBmWER7dxD,formula,61,61,100.0,REPO REFERENCED,"repo hits: airtable/automations/shooting-challenge/059-achievements-and-milestones-create-xp-event-from-achievement-unlock.js, airtable/automations/shooting-challenge/066-achievements-and-milestones-create-shot-milestone-unlocks.js, tools/airtable/generate_final_summary_preview.py"
Shot Milestones,Target Goal Shot,fldw1VqNidFq2Yz2D,multipleRecordLinks,61,61,100.0,HAS DEPENDENTS,referenced by 5 field(s)
Shot Milestones,Grade Band,flds7xmrvMVr3Zbp8,multipleLookupValues,61,61,100.0,REPO REFERENCED,"repo hits: airtable/automations/shooting-challenge/002-enrollment-intake-and-setup-assign-grade-band-initial.js, airtable/automations/shooting-challenge/003-enrollment-intake-and-setup-assign-grade-band-if-grade-changes.js, airtable/automations/shooting-challenge/005-submission-intake-and-asset-creation-assign-week-to-submission-homework-first.js"
Shot Milestones,Milestone Shot Count,fldI9n3caSvtMEUzQ,formula,61,61,100.0,REPO REFERENCED,"repo hits: airtable/automations/shooting-challenge/059-achievements-and-milestones-create-xp-event-from-achievement-unlock.js, airtable/automations/shooting-challenge/066-achievements-and-milestones-create-shot-milestone-unlocks.js, tools/airtable/overnight_config_xp_analyze.py"
Shot Milestones,Milestone Percent,fldNgo6iYG1ekKjid,number,61,61,100.0,HAS DEPENDENTS,referenced by 5 field(s)
Shot Milestones,Points Awarded,fldEOObF0c4SfFSMU,formula,61,61,100.0,REPO REFERENCED,"repo hits: airtable/automations/shooting-challenge/059-achievements-and-milestones-create-xp-event-from-achievement-unlock.js, airtable/automations/shooting-challenge/066-achievements-and-milestones-create-shot-milestone-unlocks.js, tools/airtable/overnight_config_xp_analyze.py"
Shot Milestones,Active,fldUQSy1EaARfUUvw,checkbox,61,40,65.57,ACTIVE / KEEP,65.57% populated
Shot Milestones,Milestone Unique Key,fldFjb22cOEPusNqH,formula,61,61,100.0,REPO REFERENCED,"repo hits: airtable/automations/shooting-challenge/059-achievements-and-milestones-create-xp-event-from-achievement-unlock.js, airtable/automations/shooting-challenge/066-achievements-and-milestones-create-shot-milestone-unlocks.js, tools/airtable/overnight_config_xp_analyze.py"
Shot Milestones,Band Sort Order,flde1qiwxWSvpied6,multipleLookupValues,61,61,100.0,ACTIVE / KEEP,100.00% populated
Shot Milestones,Sort Order,fldzoPUz9BSJeiHYc,number,61,61,100.0,REPO REFERENCED,"repo hits: airtable/automations/shooting-challenge/002-enrollment-intake-and-setup-assign-grade-band-initial.js, airtable/automations/shooting-challenge/003-enrollment-intake-and-setup-assign-grade-band-if-grade-changes.js, airtable/automations/shooting-challenge/041-levels-and-progression-mark-enrollment-for-level-recalculation.js"
Shot Milestones,Target Shots Lookup,fldioImLyCnucFuxZ,multipleLookupValues,61,61,100.0,HAS DEPENDENTS,referenced by 1 field(s)
Shot Milestones,Milestone Tier,fld4Q8j7bB5MbszFT,formula,61,61,100.0,REPO REFERENCED,"repo hits: airtable/automations/shooting-challenge/059-achievements-and-milestones-create-xp-event-from-achievement-unlock.js, tools/testing/repair_perfect_week_testing.mjs"
Shot Milestones,Notes,flda70LWBSmMsttuV,multilineText,61,0,0.0,EMPTY — REVIEW,empty with no verified deps; confirm product intent
Shot Milestones,Weekly Athlete Summary,fldUubWimygpDfAhP,singleLineText,61,0,0.0,REPO REFERENCED,"repo hits: airtable/automations/shooting-challenge/010-submission-intake-create-xp-event.js, airtable/automations/shooting-challenge/020-homework-link-or-create-homework-completion.js, airtable/automations/shooting-challenge/030-weekly-summary-and-goal-logic-copy-enrollment-grade-band-to-weekly-summary.js"
Shot Milestones,XP Events,fldmmFEzJt3kmEDh4,multipleRecordLinks,61,11,18.03,REPO REFERENCED,"repo hits: airtable/automations/shooting-challenge/010-submission-intake-create-xp-event.js, airtable/automations/shooting-challenge/031-weekly-summary-and-goal-logic-find-or-create-weekly-athlete-summary-from-submission.js, airtable/automations/shooting-challenge/035-weekly-summary-and-goal-logic-create-weekly-threshold-xp-events.js"
Shot Milestones,XP Events copy,fldVcHPjvuabirn6E,singleLineText,61,0,0.0,REPO REFERENCED,"repo hits: tools/airtable/_preview/c025_config_linkage_inspect.json, tools/airtable/_preview/c025_related_fields.json, tools/airtable/_preview/c025_stage17_prod_schema_manifest_source.json"
Shot Milestones,Athlete Achievement Unlocks,fldMOcJn6dEBtgGjQ,multipleRecordLinks,61,19,31.15,REPO REFERENCED,"repo hits: airtable/automations/shooting-challenge/058-achievements-and-milestones-create-perfect-week-unlock.js, airtable/automations/shooting-challenge/059-achievements-and-milestones-create-xp-event-from-achievement-unlock.js, airtable/automations/shooting-challenge/066-achievements-and-milestones-create-shot-milestone-unlocks.js"
Homework Library,Assignment Full Name,fldBv0SCf7KX47g9W,multilineText,76,76,100.0,REPO REFERENCED,"repo hits: airtable/automations/shooting-challenge/033-weekly-summary-and-goal-logic-assign-homework-to-weekly-athlete-summary.js, airtable/automations/shooting-challenge/072-email-notifications-and-external-handoffs-build-weekly-summary-email-package.js, airtable/automations/shooting-challenge/076-email-notifications-and-external-handoffs-build-daily-submission-email-package.js"
Homework Library,Assignment Full Name - Display,fldYbEFE6YJgWqJbW,formula,76,76,100.0,REPO REFERENCED,"repo hits: web/lib/airtable/homework-queries.test.ts, web/lib/airtable/homework-queries.ts, web/lib/airtable/public-athlete-homework-queries.ts"
Homework Library,Homework Number,fld2mYDUtnIO238c4,singleSelect,76,18,23.68,REPO REFERENCED,"repo hits: airtable/automations/shooting-challenge/067-homework-link-or-create-completion-from-reflection-quiz.js, airtable/automations/shooting-challenge/115-engineering-test-framework-run-testing-scenario-daily-submission.js, web/lib/airtable/homework-queries.test.ts"
Homework Library,Assignment Number,fldISOkTeqLmrFqRF,number,76,18,23.68,REPO REFERENCED,"repo hits: web/lib/airtable/homework-queries.test.ts, web/lib/airtable/homework-queries.ts, web/lib/airtable/public-athlete-homework-queries.ts"
Homework Library,Assignment Title,fld3w0F60Pijeo63p,singleLineText,76,76,100.0,HAS DEPENDENTS,referenced by 2 field(s)
Homework Library,Book,fldtTqeyFgmHOw5PM,singleSelect,76,76,100.0,ACTIVE / KEEP,100.00% populated
Homework Library,Assignment Topic,fldmE4y7TL8ENzlIN,multipleSelects,76,75,98.68,HAS DEPENDENTS,referenced by 1 field(s)
Homework Library,Cover Images,fldRC3W6xZW37Wxyy,multipleAttachments,76,18,23.68,REPO REFERENCED,"repo hits: web/lib/airtable/homework-queries.ts, web/lib/data/homework.ts"
Homework Library,Docs,fldHQ4VGXLht13jmn,multipleAttachments,76,60,78.95,ACTIVE / KEEP,78.95% populated
Homework Library,URL,fld4RXx8OQ165147R,url,76,19,25.0,ACTIVE / KEEP,25.00% populated
Homework Library,URL Additional,fldO7u7m5r3tXjdgq,url,76,5,6.58,REPO REFERENCED,"repo hits: web/lib/airtable/homework-queries.test.ts, web/lib/airtable/homework-queries.ts, web/lib/data/homework.ts"
Homework Library,Age Appropriate,fldknHTweLm5NNzuU,multipleSelects,76,18,23.68,REPO REFERENCED,"repo hits: web/lib/airtable/homework-queries.ts, web/lib/data/homework.ts, tools/tutorials-content/lib/content-quality.js"
Homework Library,Full Assignment Description,fldDnS1EhUdUgsYhD,richText,76,61,80.26,HAS DEPENDENTS,referenced by 1 field(s)
Homework Library,Brief Description - Display,fldAnHr3uTuDN5bs9,aiText,76,76,100.0,REPO REFERENCED,"repo hits: web/lib/airtable/homework-queries.test.ts, web/lib/airtable/homework-queries.ts, web/lib/airtable/public-athlete-homework-queries.ts"
Homework Library,Assignment Rationale,fldrSPaUFQEuEV4i3,richText,76,61,80.26,HAS DEPENDENTS,referenced by 1 field(s)
Homework Library,Specific Steps,fldrAWj2mfIyBEwQD,richText,76,18,23.68,REPO REFERENCED,"repo hits: web/lib/airtable/homework-queries.ts, web/lib/data/homework.ts"
Homework Library,Book Abbreviation,fld9WmXaOW0ABZk4m,singleSelect,76,76,100.0,HAS DEPENDENTS,referenced by 1 field(s)
Homework Library,Active?,fldOZBsTWKKH3jtEd,checkbox,76,18,23.68,ACTIVE / KEEP,23.68% populated
Homework Library,Published?,fldQAfy0BnTQVvpGT,checkbox,76,18,23.68,REPO REFERENCED,"repo hits: airtable/automations/shooting-challenge/072-email-notifications-and-external-handoffs-build-weekly-summary-email-package.js, airtable/automations/shooting-challenge/076-email-notifications-and-external-handoffs-build-daily-submission-email-package.js, web/lib/airtable/homework-queries.test.ts"
Homework Library,Submissions,fldC2SjcSsN839oUW,singleLineText,76,5,6.58,REPO REFERENCED,"repo hits: airtable/automations/shooting-challenge/005-submission-intake-and-asset-creation-assign-week-to-submission-homework-first.js, airtable/automations/shooting-challenge/006-submission-intake-and-asset-creation-set-video-count.js, airtable/automations/shooting-challenge/007-submission-intake-and-asset-creation-duplicate-checker-for-submissions.js"
Homework Library,Homework Completions,fld4swY3XDC0Bn4Er,multipleRecordLinks,76,2,2.63,REPO REFERENCED,"repo hits: airtable/automations/shooting-challenge/020-homework-link-or-create-homework-completion.js, airtable/automations/shooting-challenge/022-submission-intake-sync-child-upload-writeback-from-submission-asset.js, airtable/automations/shooting-challenge/033-weekly-summary-and-goal-logic-assign-homework-to-weekly-athlete-summary.js"
Homework Library,Submissions copy,fldtclW1JHRfNfAVw,singleLineText,76,1,1.32,REPO REFERENCED,repo hits: tools/airtable/_preview/c025_stage17_prod_schema_manifest_source.json
Homework Library,Weekly Athlete Summary,fldt2z0Lt95YbJ2kl,multipleRecordLinks,76,4,5.26,REPO REFERENCED,"repo hits: airtable/automations/shooting-challenge/010-submission-intake-create-xp-event.js, airtable/automations/shooting-challenge/020-homework-link-or-create-homework-completion.js, airtable/automations/shooting-challenge/030-weekly-summary-and-goal-logic-copy-enrollment-grade-band-to-weekly-summary.js"
Homework Library,Assignment Description,fldUY2qoIiD8Dlq7A,richText,76,61,80.26,REPO REFERENCED,"repo hits: web/lib/airtable/homework-queries.test.ts, web/lib/airtable/homework-queries.ts, web/lib/data/homework.test.ts"
Homework Library,Order,fldu8izL5tIY4hIC0,number,76,76,100.0,ACTIVE / KEEP,100.00% populated
Homework Library,Testing Scenarios,fldU4VrmFR1D7jjvV,singleLineText,76,1,1.32,REPO REFERENCED,"repo hits: airtable/automations/shooting-challenge/115-engineering-test-framework-run-testing-scenario-daily-submission.js, tools/airtable/overnight_config_xp_prod_probe.py, tools/airtable/_c025_stage17_create_etf_scenario.py"
Homework Library,Record Id,fld7CcreHRXc4ZXeg,formula,76,76,100.0,HAS DEPENDENTS,referenced by 1 field(s)
Homework Library,Program Homework Assignments,fld5hN5VT8gCyyqM7,multipleRecordLinks,76,18,23.68,REPO REFERENCED,"repo hits: airtable/automations/shooting-challenge/005-submission-intake-and-asset-creation-assign-week-to-submission-homework-first.js, airtable/automations/shooting-challenge/020-homework-link-or-create-homework-completion.js, airtable/automations/shooting-challenge/033-weekly-summary-and-goal-logic-assign-homework-to-weekly-athlete-summary.js"
Homework Library,Extension Activities,fldHyYWXspxXzqOxu,multipleAttachments,76,0,0.0,EMPTY — REVIEW,empty with no verified deps; confirm product intent
Program Homework Assignments,Program Homework Assignment,fldNlOuvCiLmQRt1e,formula,18,18,100.0,REPO REFERENCED,"repo hits: airtable/automations/shooting-challenge/005-submission-intake-and-asset-creation-assign-week-to-submission-homework-first.js, airtable/automations/shooting-challenge/020-homework-link-or-create-homework-completion.js, airtable/automations/shooting-challenge/033-weekly-summary-and-goal-logic-assign-homework-to-weekly-athlete-summary.js"
Program Homework Assignments,Homework Assignment,fld32hpKiGx5l8ZhI,multipleRecordLinks,18,18,100.0,HAS DEPENDENTS,referenced by 6 field(s)
Program Homework Assignments,Homework Assignment RID,fld0fcG9TDBXBlVDc,multipleLookupValues,18,18,100.0,HAS DEPENDENTS,referenced by 1 field(s)
Program Homework Assignments,Program Instance,fldrB2gcduTaqxnsl,multipleRecordLinks,18,18,100.0,HAS DEPENDENTS,referenced by 6 field(s)
Program Homework Assignments,Program Instance RID,fld37Vw1oLvknFRHj,multipleLookupValues,18,18,100.0,HAS DEPENDENTS,referenced by 1 field(s)
Program Homework Assignments,Week,fld3S4XdwY6sq4BPZ,multipleRecordLinks,18,18,100.0,HAS DEPENDENTS,referenced by 5 field(s)
Program Homework Assignments,Week RID,fldFCQ2z9Bwg1Y8YY,multipleLookupValues,18,18,100.0,HAS DEPENDENTS,referenced by 1 field(s)
Program Homework Assignments,School Year - Linked (from Program Instance),fldI0xXP2GRcSTZiN,multipleLookupValues,18,18,100.0,ACTIVE / KEEP,100.00% populated
Program Homework Assignments,Grade Band,fldWNwh6Z3pxVwTes,multipleRecordLinks,18,18,100.0,HAS DEPENDENTS,referenced by 4 field(s)
Program Homework Assignments,Homework Slot,fldtNNM0a6DoxmuaF,singleSelect,18,18,100.0,HAS DEPENDENTS,referenced by 5 field(s)
Program Homework Assignments,Active?,fldxXLOeCHh09iObk,checkbox,18,18,100.0,HAS DEPENDENTS,referenced by 2 field(s)
Program Homework Assignments,Grade Band RID,fld4Dpsd837yGkoPX,multipleLookupValues,18,18,100.0,REPO REFERENCED,"repo hits: tools/testing/create_pha_table.mjs, tools/testing/harden_pha_operator_model.mjs"
Program Homework Assignments,Schedule Key,fldSgoJUI37aPnvrJ,formula,18,18,100.0,REPO REFERENCED,"repo hits: web/lib/airtable/homework-queries.test.ts, web/lib/airtable/homework-queries.ts, tools/season_simulation/reference_data.py"
Program Homework Assignments,Program Homework Assignment Display,fldp3eQIQQKi6StzU,formula,18,18,100.0,REPO REFERENCED,"repo hits: tools/season_simulation/reference_data.py, tools/testing/backfill_pha_perfect_week.mjs, tools/testing/create_pha_table.mjs"
Program Homework Assignments,Homework Completions,fldDg9PXNr0i9YnX7,multipleRecordLinks,18,2,11.11,HAS DEPENDENTS,referenced by 1 field(s)
Program Homework Assignments,Operator Status,fldQj0sRVkpXY1aZ4,formula,18,18,100.0,REPO REFERENCED,repo hits: tools/testing/harden_pha_operator_model.mjs
Program Homework Assignments,Operator Notes,fldrYbahF9R1CPTL2,multilineText,18,0,0.0,REPO REFERENCED,"repo hits: web/lib/airtable/homework-queries.ts, web/lib/data/homework.ts, tools/testing/align_case01_pha_hw2.mjs"
Program Homework Assignments,Completions Count,fldleqxCUeC5EsLdZ,count,18,18,100.0,REPO REFERENCED,"repo hits: tools/testing/create_pha_completions_count.mjs, tools/testing/harden_pha_operator_model.mjs"
Program Homework Assignments,Submissions,fldhL8QOQrERhKzNE,multipleRecordLinks,18,0,0.0,REPO REFERENCED,"repo hits: airtable/automations/shooting-challenge/005-submission-intake-and-asset-creation-assign-week-to-submission-homework-first.js, airtable/automations/shooting-challenge/006-submission-intake-and-asset-creation-set-video-count.js, airtable/automations/shooting-challenge/007-submission-intake-and-asset-creation-duplicate-checker-for-submissions.js"
Program Homework Assignments,Record Id - PHA,fldDNgajPQgwpgZeE,formula,18,18,100.0,ACTIVE / KEEP,100.00% populated
Program Homework Assignments,Testing Scenarios,fldy0ZP0j9DI43o8G,multipleRecordLinks,18,0,0.0,REPO REFERENCED,"repo hits: airtable/automations/shooting-challenge/115-engineering-test-framework-run-testing-scenario-daily-submission.js, tools/airtable/overnight_config_xp_prod_probe.py, tools/airtable/_c025_stage17_create_etf_scenario.py"
Program Homework Assignments,Homework XP PHA Signature,fld49nopTelauF5d2,formula,18,18,100.0,HAS DEPENDENTS,referenced by 1 field(s)
Program Homework Assignments,Submissions 2,fld2IHVWrOrgCOCyS,multipleRecordLinks,18,0,0.0,REPO REFERENCED,"repo hits: airtable/automations/shooting-challenge/lib/overnight-level-gate-boundaries.test.js, tools/airtable/_preview/c025_stage17_prod_schema_manifest_source.json"
Program Homework Assignments,Due Date,fldBuww8YJPGWLZFG,date,18,18,100.0,REPO REFERENCED,"repo hits: airtable/automations/shooting-challenge/020-homework-link-or-create-homework-completion.js, airtable/automations/shooting-challenge/065-homework-review-and-xp-create-homework-xp-event.js, airtable/automations/shooting-challenge/lib/v2-engine-contracts.js"
Program Homework Assignments,Assignment Title - Lkp,fldgBYP0HmmvpFAub,multipleLookupValues,18,18,100.0,ACTIVE / KEEP,100.00% populated
Video Feedback,Video Feedback Name,fldKl1zQNuTwcPAlH,formula,111,111,100.0,REPO REFERENCED,"repo hits: airtable/automations/shooting-challenge/072-email-notifications-and-external-handoffs-build-weekly-summary-email-package.js, airtable/automations/shooting-challenge/073-email-notifications-and-external-handoffs-send-video-feedback-parent-email-webhook.js, tools/airtable/preview_final_email.py"
Video Feedback,Record Id,fld1ViQ8KFMlOuM2S,formula,111,111,100.0,REPO REFERENCED,"repo hits: web/lib/airtable/homework-queries.test.ts, web/lib/airtable/public-rest-fixtures.ts, web/lib/airtable/registering-program-instance.ts"
Video Feedback,Coach Feedback,fldyXVwvXuk1SYnpg,multilineText,111,38,34.23,HAS DEPENDENTS,referenced by 3 field(s)
Video Feedback,Active?,fld5vB8UQwrwTG6bm,checkbox,111,33,29.73,REPO REFERENCED,"repo hits: tools/airtable/_preview/c025_stage17_prod_schema_manifest_source.json, make/blueprints/upload-asset-engine-fresh-airtable-v2-base.json, make/blueprints/upload-asset-engine-v1.json"
Video Feedback,Do Not Award XP?,fldJPT8GQhwHzOcmG,checkbox,111,24,21.62,HAS DEPENDENTS,referenced by 1 field(s)
Video Feedback,Extra Credit XP Awarded,fldkAu8YKNxCTlYIL,number,111,8,7.21,HAS DEPENDENTS,referenced by 1 field(s)
Video Feedback,Feedback Posted?,fldHkvzRIoLANvpAQ,checkbox,111,38,34.23,REPO REFERENCED,"repo hits: airtable/automations/shooting-challenge/072-email-notifications-and-external-handoffs-build-weekly-summary-email-package.js, airtable/automations/shooting-challenge/073-email-notifications-and-external-handoffs-send-video-feedback-parent-email-webhook.js, airtable/automations/shooting-challenge/111-video-review-and-xp-copy-enrollment-grade-band-to-video-feedback.js"
Video Feedback,Base XP Awarded,flda0Bh7Wcvj3RASC,number,111,28,25.23,HAS DEPENDENTS,referenced by 1 field(s)
Video Feedback,Total Video XP Awarded,fldS1v7HiAEWgWnZG,formula,111,111,100.0,REPO REFERENCED,"repo hits: airtable/automations/shooting-challenge/073-email-notifications-and-external-handoffs-send-video-feedback-parent-email-webhook.js, airtable/automations/shooting-challenge/114-video-review-and-xp-create-or-update-video-xp-event.js, tools/airtable/run_final_090_audits.py"
Video Feedback,Reviewed By,fldnogk7IOx8BtkOB,singleLineText,111,25,22.52,REPO REFERENCED,"repo hits: airtable/automations/shooting-challenge/064-homework-review-and-xp-prepare-homework-xp-award.js, airtable/automations/shooting-challenge/113-video-review-and-xp-assign-base-video-xp.js, tools/airtable/_preview/c025_stage17_prod_schema_manifest_source.json"
Video Feedback,Award Status,fldKwZPrVTxGGc9Wf,singleSelect,111,103,92.79,REPO REFERENCED,"repo hits: airtable/automations/shooting-challenge/010-submission-intake-create-xp-event.js, airtable/automations/shooting-challenge/054-achievements-and-milestones-streak-occurrences-create-or-repair-streak-xp-event.js, airtable/automations/shooting-challenge/058-achievements-and-milestones-create-perfect-week-unlock.js"
Video Feedback,Reviewed At,fldK0XgEWzxvw9hYx,dateTime,111,28,25.23,REPO REFERENCED,"repo hits: airtable/automations/shooting-challenge/064-homework-review-and-xp-prepare-homework-xp-award.js, airtable/automations/shooting-challenge/072-email-notifications-and-external-handoffs-build-weekly-summary-email-package.js, airtable/automations/shooting-challenge/073-email-notifications-and-external-handoffs-send-video-feedback-parent-email-webhook.js"
Video Feedback,XP Events,fldkTbQ1yyK0qOyLp,multipleRecordLinks,111,28,25.23,REPO REFERENCED,"repo hits: airtable/automations/shooting-challenge/010-submission-intake-create-xp-event.js, airtable/automations/shooting-challenge/031-weekly-summary-and-goal-logic-find-or-create-weekly-athlete-summary-from-submission.js, airtable/automations/shooting-challenge/035-weekly-summary-and-goal-logic-create-weekly-threshold-xp-events.js"
Video Feedback,Parent Feedback Ready?,fld8DOjFEpfaaRIrb,checkbox,111,15,13.51,REPO REFERENCED,"repo hits: airtable/automations/shooting-challenge/071-email-notifications-and-external-handoffs-send-homework-feedback-email-webhook.js, airtable/automations/shooting-challenge/073-email-notifications-and-external-handoffs-send-video-feedback-parent-email-webhook.js, tools/airtable/export_airtable_schema.py"
Video Feedback,Upload Status,fld1QFG4TX1fdN2h9,singleSelect,111,54,48.65,HAS DEPENDENTS,referenced by 1 field(s)
Video Feedback,Parent Feedback Subject,fldrW1L6jXRIE3dGF,singleLineText,111,8,7.21,REPO REFERENCED,"repo hits: airtable/automations/shooting-challenge/071-email-notifications-and-external-handoffs-send-homework-feedback-email-webhook.js, airtable/automations/shooting-challenge/073-email-notifications-and-external-handoffs-send-video-feedback-parent-email-webhook.js, tools/airtable/_preview/c025_stage17_prod_schema_manifest_source.json"
Video Feedback,Parent Feedback Sent?,fldrrXO7wS5f0RPV5,checkbox,111,8,7.21,REPO REFERENCED,"repo hits: airtable/automations/shooting-challenge/071-email-notifications-and-external-handoffs-send-homework-feedback-email-webhook.js, airtable/automations/shooting-challenge/072-email-notifications-and-external-handoffs-build-weekly-summary-email-package.js, airtable/automations/shooting-challenge/073-email-notifications-and-external-handoffs-send-video-feedback-parent-email-webhook.js"
Video Feedback,Parent Feedback Sent On,fld8b77cC15oc0mZE,dateTime,111,9,8.11,REPO REFERENCED,"repo hits: airtable/automations/shooting-challenge/071-email-notifications-and-external-handoffs-send-homework-feedback-email-webhook.js, airtable/automations/shooting-challenge/073-email-notifications-and-external-handoffs-send-video-feedback-parent-email-webhook.js, tools/testing/ops_email_readiness_probe.mjs"
Video Feedback,Grade Band,fldhDaZcIuMeoFEyK,multipleRecordLinks,111,32,28.83,REPO REFERENCED,"repo hits: airtable/automations/shooting-challenge/002-enrollment-intake-and-setup-assign-grade-band-initial.js, airtable/automations/shooting-challenge/003-enrollment-intake-and-setup-assign-grade-band-if-grade-changes.js, airtable/automations/shooting-challenge/005-submission-intake-and-asset-creation-assign-week-to-submission-homework-first.js"
Video Feedback,Video Asset File Name,fldo2WZ7LzF8fmrtL,singleLineText,111,32,28.83,REPO REFERENCED,"repo hits: airtable/automations/shooting-challenge/022-submission-intake-sync-child-upload-writeback-from-submission-asset.js, airtable/automations/shooting-challenge/072-email-notifications-and-external-handoffs-build-weekly-summary-email-package.js, airtable/automations/shooting-challenge/073-email-notifications-and-external-handoffs-send-video-feedback-parent-email-webhook.js"
Video Feedback,Video Asset Uploaded At,fldGtSrSa4E25YmRW,dateTime,111,24,21.62,HAS DEPENDENTS,referenced by 1 field(s)
Video Feedback,Auto-link Eligible?,fldOeyXmNGjQ2qSr5,checkbox,111,0,0.0,REPO REFERENCED,"repo hits: tools/airtable/_preview/c025_stage17_prod_schema_manifest_source.json, make/blueprints/upload-asset-engine-fresh-airtable-v2-base.json, make/blueprints/upload-asset-engine-v1.json"
Video Feedback,Ready for XP Automation?,fldOAZdjTivt8Z5pe,checkbox,111,3,2.7,REPO REFERENCED,"repo hits: airtable/automations/shooting-challenge/113-video-review-and-xp-assign-base-video-xp.js, airtable/automations/shooting-challenge/114-video-review-and-xp-create-or-update-video-xp-event.js, tools/airtable/run_final_090_audits.py"
Video Feedback,Video Feedback Workflow Status,fldDyFRAykPxujAjN,singleSelect,111,25,22.52,REPO REFERENCED,"repo hits: airtable/automations/shooting-challenge/013-submission-intake-create-or-link-video-feedback.js, airtable/automations/shooting-challenge/113-video-review-and-xp-assign-base-video-xp.js, tools/airtable/_preview/c025_stage17_prod_schema_manifest_source.json"
Video Feedback,Upload Error,fld1uXAvx9N8oqp5K,multilineText,111,0,0.0,REPO REFERENCED,"repo hits: airtable/automations/shooting-challenge/009-submission-intake-create-submission-assets.js, airtable/automations/shooting-challenge/013-submission-intake-create-or-link-video-feedback.js, airtable/automations/shooting-challenge/020-homework-link-or-create-homework-completion.js"
Video Feedback,Writeback Complete?,fldzGYsF8NllnpRMQ,formula,111,111,100.0,REPO REFERENCED,"repo hits: airtable/automations/shooting-challenge/020-homework-link-or-create-homework-completion.js, airtable/automations/shooting-challenge/022-submission-intake-sync-child-upload-writeback-from-submission-asset.js, airtable/automations/shooting-challenge/070c-email-notifications-and-external-handoffs-verify-async-video-asset-upload.js"
Video Feedback,Parent Feedback Send Error,flduORgXj4l3fuTV0,multilineText,111,0,0.0,REPO REFERENCED,"repo hits: airtable/automations/shooting-challenge/071-email-notifications-and-external-handoffs-send-homework-feedback-email-webhook.js, airtable/automations/shooting-challenge/073-email-notifications-and-external-handoffs-send-video-feedback-parent-email-webhook.js, tools/airtable/_preview/c025_stage17_prod_schema_manifest_source.json"
Video Feedback,DELETE MAYBE - XP Events copy,fldTJd1LkzRRmBiAZ,singleLineText,111,0,0.0,REPO REFERENCED,"repo hits: tools/airtable/_preview/c025_related_fields.json, tools/airtable/_preview/c025_stage17_prod_schema_manifest_source.json, make/blueprints/upload-asset-engine-fresh-airtable-v2-base.json"
Video Feedback,Activity Date - Lkp,fldVpRPcp5PZDtQ7s,multipleLookupValues,111,107,96.4,HAS DEPENDENTS,referenced by 1 field(s)
Video Feedback,Linked Asset Duplicate?,fldyJS0nSGwl9B1Pp,multipleLookupValues,111,47,42.34,REPO REFERENCED,"repo hits: tools/airtable/_preview/c023-dev-stage5-S5A-recF86pJTIMFoEypJ.json, tools/airtable/_preview/c023-dev-stage5-S5B-recF86pJTIMFoEypJ.json, tools/airtable/_preview/c023-dev-stage5-S5C-recF86pJTIMFoEypJ.json"
Video Feedback,Linked Asset Duplicate Status,fldiXBO7YNebVaqjB,multipleLookupValues,111,24,21.62,REPO REFERENCED,"repo hits: tools/airtable/_preview/c023-dev-stage5-S5A-recF86pJTIMFoEypJ.json, tools/airtable/_preview/c023-dev-stage5-S5B-recF86pJTIMFoEypJ.json, tools/airtable/_preview/c023-dev-stage5-S5C-recF86pJTIMFoEypJ.json"
Video Feedback,Linked Asset Duplicate Notes,fldBGvZh1XwONBNyn,multipleLookupValues,111,24,21.62,REPO REFERENCED,"repo hits: tools/airtable/_preview/c023-dev-stage5-S5A-recF86pJTIMFoEypJ.json, tools/airtable/_preview/c023-dev-stage5-S5B-recF86pJTIMFoEypJ.json, tools/airtable/_preview/c023-dev-stage5-S5C-recF86pJTIMFoEypJ.json"
Video Feedback,Linked Asset Duplicate Match Record,fldRvQRxMX5l4uPID,multipleLookupValues,111,4,3.6,REPO REFERENCED,"repo hits: tools/airtable/_preview/c023-dev-stage5-S5A-recF86pJTIMFoEypJ.json, tools/airtable/_preview/c023-dev-stage5-S5B-recF86pJTIMFoEypJ.json, tools/airtable/_preview/c023-dev-stage5-S5C-recF86pJTIMFoEypJ.json"
Video Feedback,Linked Asset Duplicate Match Strength,fldMkEA5OZcsOJeZH,multipleLookupValues,111,24,21.62,REPO REFERENCED,"repo hits: tools/airtable/_preview/c023-dev-stage5-S5A-recF86pJTIMFoEypJ.json, tools/airtable/_preview/c023-dev-stage5-S5B-recF86pJTIMFoEypJ.json, tools/airtable/_preview/c023-dev-stage5-S5C-recF86pJTIMFoEypJ.json"
Video Feedback,Linked Asset Duplicate Review Status,flde1rKFOxJ3PVrrr,multipleLookupValues,111,0,0.0,REPO REFERENCED,repo hits: tools/airtable/_preview/c025_stage17_prod_schema_manifest_source.json
Video Feedback,Activity XP Display Label,fldettQ2mz0oLewO7,formula,111,111,100.0,REPO REFERENCED,"repo hits: tools/airtable/_preview/c023-dev-stage5-S5C-recF86pJTIMFoEypJ.json, tools/airtable/_preview/c023-dev-stage5-S5D-recF86pJTIMFoEypJ.json, tools/airtable/_preview/c023-dev-stage5-S5E-recF86pJTIMFoEypJ.json"
Video Feedback,Video File - AWS,fldSf9ppBzM39OG0S,multipleLookupValues,111,47,42.34,ACTIVE / KEEP,42.34% populated
Video Feedback,Parent Feedback Delivery Status,fldBJNpxW8ey5WQvJ,singleSelect,111,9,8.11,ACTIVE / KEEP,8.11% populated
Video Feedback,Parent Feedback Delivery Error,fldRSXPqJ0o5UG2py,multilineText,111,0,0.0,EMPTY — REVIEW,empty with no verified deps; confirm product intent
Video Feedback,Parent Feedback Hub Event ID,fldQU1kv0V77ZlKbw,singleLineText,111,9,8.11,ACTIVE / KEEP,8.11% populated
Video Feedback,Parent Feedback Resend Message ID,fldKpyYLIKQiB3wBL,singleLineText,111,9,8.11,ACTIVE / KEEP,8.11% populated
Video Feedback,Week,fldLvfkoNR3cbxa6E,multipleLookupValues,111,8,7.21,HAS DEPENDENTS,referenced by 1 field(s)
Video Feedback,Created,fldfSDyiZ4nBAnoDg,createdTime,111,111,100.0,REPO REFERENCED,repo hits: tools/airtable/_preview/c025_stage17_prod_schema_manifest_source.json
Video Feedback,Submission Asset,fld9laOK9yRAxgsph,multipleRecordLinks,111,47,42.34,HAS DEPENDENTS,referenced by 7 field(s)
Video Feedback,Video Feedback Key,fldY0Jmc6aU4q5waJ,singleLineText,111,24,21.62,REPO REFERENCED,"repo hits: airtable/automations/shooting-challenge/013-submission-intake-create-or-link-video-feedback.js, airtable/automations/shooting-challenge/073-email-notifications-and-external-handoffs-send-video-feedback-parent-email-webhook.js, airtable/automations/shooting-challenge/112-video-review-and-xp-create-video-feedback-from-submission-asset.js"
Video Feedback,Submission,fldIa3kwvQGwxnh1U,multipleRecordLinks,111,107,96.4,HAS DEPENDENTS,referenced by 2 field(s)
Video Feedback,Enrollment,fldQuw8dRQnPmb5yU,multipleRecordLinks,111,109,98.2,HAS DEPENDENTS,referenced by 1 field(s)
Video Feedback,Asset Type,fldCAnBNrOkgup7nz,singleSelect,111,1,0.9,REPO REFERENCED,"repo hits: airtable/automations/shooting-challenge/009-submission-intake-create-submission-assets.js, airtable/automations/shooting-challenge/013-submission-intake-create-or-link-video-feedback.js, airtable/automations/shooting-challenge/020-homework-link-or-create-homework-completion.js"
Video Feedback,Video URL or Drive Link,fldHBzYcHzW5O0ip9,url,111,32,28.83,REPO REFERENCED,"repo hits: airtable/automations/shooting-challenge/022-submission-intake-sync-child-upload-writeback-from-submission-asset.js, airtable/automations/shooting-challenge/072-email-notifications-and-external-handoffs-build-weekly-summary-email-package.js, airtable/automations/shooting-challenge/073-email-notifications-and-external-handoffs-send-video-feedback-parent-email-webhook.js"
Video Feedback,Custom Video File Name,fldrWx17PUjsfbAZH,singleLineText,111,0,0.0,REPO REFERENCED,"repo hits: web/types/xp.ts, web/lib/data/xp-activity-loader.test.ts, web/lib/data/xp-activity-loader.ts"
Tutorials & Assets,﻿Name,fldduBizp8qAnAMJW,singleLineText,32,32,100.0,REPO REFERENCED,"repo hits: web/lib/airtable/queries.ts, web/lib/data/tutorials.ts"
Tutorials & Assets,Link to Video,fldM82Klng8bFoeNa,multilineText,32,24,75.0,REPO REFERENCED,"repo hits: web/tests/tutorials-shoutouts-video.spec.ts, web/lib/airtable/queries.ts, web/lib/data/levels.test.ts"
Tutorials & Assets,Sort Order,fldsFcI52Spo2BuZO,number,32,32,100.0,REPO REFERENCED,"repo hits: airtable/automations/shooting-challenge/002-enrollment-intake-and-setup-assign-grade-band-initial.js, airtable/automations/shooting-challenge/003-enrollment-intake-and-setup-assign-grade-band-if-grade-changes.js, airtable/automations/shooting-challenge/041-levels-and-progression-mark-enrollment-for-level-recalculation.js"
Tutorials & Assets,Type of Asset,fldcGq4kW1gbIEgQ5,singleSelect,32,32,100.0,REPO REFERENCED,"repo hits: web/lib/airtable/queries.ts, web/lib/data/levels.test.ts, web/lib/data/tutorials.test.ts"
Tutorials & Assets,Associated Program,fldKNWaFZ0bO6RmrQ,multipleSelects,32,32,100.0,REPO REFERENCED,"repo hits: web/lib/airtable/queries.ts, web/lib/data/levels.test.ts, web/lib/data/tutorials.test.ts"
Tutorials & Assets,Detailed Description,fld7pNEDVhAIM9cYD,richText,32,32,100.0,REPO REFERENCED,"repo hits: web/lib/airtable/queries.ts, web/lib/data/tutorials.test.ts, web/lib/data/tutorials.ts"
Tutorials & Assets,Brief Descriptions,fldUJJT2D20b3OovP,richText,32,32,100.0,REPO REFERENCED,"repo hits: web/lib/airtable/queries.ts, web/lib/data/tutorials.test.ts, web/lib/data/tutorials.ts"
Tutorials & Assets,Assignment Rationale,fldWx4chaV3KFucsW,richText,32,30,93.75,REPO REFERENCED,"repo hits: web/lib/airtable/homework-queries.ts, web/lib/airtable/queries.ts, web/lib/data/homework.ts"
Tutorials & Assets,Athlete,fldAubbpznx5aRMXI,singleSelect,32,14,43.75,ACTIVE / KEEP,43.75% populated
Tutorials & Assets,Athlete Headshot,fldc5w0swm9QM0nHI,multipleAttachments,32,1,3.12,REPO REFERENCED,"repo hits: web/lib/airtable/queries.ts, web/lib/data/leaderboard.test.ts, web/lib/data/leaderboard.ts"
Tutorials & Assets,Thumbnail,fldKCzsQ4KY5vSeEI,multipleAttachments,32,30,93.75,REPO REFERENCED,"repo hits: web/lib/airtable/queries.ts, web/lib/data/tutorials.ts, tools/tutorials-content/lib/content-quality.js"
Tutorials & Assets,Display Image,fldGPuhpKhqOKsLCS,multipleAttachments,32,30,93.75,REPO REFERENCED,"repo hits: web/lib/airtable/queries.ts, web/lib/data/tutorials.test.ts, web/lib/data/tutorials.ts"
Tutorials & Assets,OK to Publish on Softr,fldKDFR6pnEOu3N09,singleSelect,32,31,96.88,REPO REFERENCED,"repo hits: web/lib/airtable/queries.ts, web/lib/data/tutorials.test.ts, web/lib/data/tutorials.ts"
Tutorials & Assets,Legacy Tutorials Record ID,fldiO6p003sUoSvQf,singleLineText,32,3,9.38,ACTIVE / KEEP,9.38% populated
Tutorials & Assets,Migration Status,fldBq01kq7mm6FmvK,singleSelect,32,3,9.38,ACTIVE / KEEP,9.38% populated
XP Reward Rules,Reward Rule,fldTgf61xAiH7rwoF,singleLineText,31,31,100.0,REPO REFERENCED,"repo hits: airtable/automations/shooting-challenge/010-submission-intake-create-xp-event.js, airtable/automations/shooting-challenge/035-weekly-summary-and-goal-logic-create-weekly-threshold-xp-events.js, airtable/automations/shooting-challenge/053-achievements-and-milestones-streak-occurrences-rebuild-and-upsert-from-submissions.js"
XP Reward Rules,Rule Key,fldk5bvvmpNa0rXuV,singleLineText,31,31,100.0,REPO REFERENCED,"repo hits: airtable/automations/shooting-challenge/010-submission-intake-create-xp-event.js, airtable/automations/shooting-challenge/035-weekly-summary-and-goal-logic-create-weekly-threshold-xp-events.js, airtable/automations/shooting-challenge/053-achievements-and-milestones-streak-occurrences-rebuild-and-upsert-from-submissions.js"
XP Reward Rules,XP Source Label,fldbYFudD0ExZAjwh,singleLineText,31,31,100.0,REPO REFERENCED,"repo hits: airtable/automations/shooting-challenge/035-weekly-summary-and-goal-logic-create-weekly-threshold-xp-events.js, airtable/automations/shooting-challenge/101-zoom-attendance-xp-award-meeting-xp.js, web/lib/airtable/queries.ts"
XP Reward Rules,XP Amount,fldETKGwefYZ6yW74,number,31,31,100.0,REPO REFERENCED,"repo hits: airtable/automations/shooting-challenge/010-submission-intake-create-xp-event.js, airtable/automations/shooting-challenge/035-weekly-summary-and-goal-logic-create-weekly-threshold-xp-events.js, airtable/automations/shooting-challenge/054-achievements-and-milestones-streak-occurrences-create-or-repair-streak-xp-event.js"
XP Reward Rules,Active?,fldEwzOUVGMcJeiOi,checkbox,31,31,100.0,REPO REFERENCED,"repo hits: tools/airtable/_preview/c025_config_linkage_inspect.json, tools/airtable/_preview/c025_stage17_prod_schema_manifest_source.json"
XP Reward Rules,Rule Set,fld5Vt7M1EheRXbVR,singleLineText,31,31,100.0,REPO REFERENCED,"repo hits: airtable/automations/shooting-challenge/041-levels-and-progression-mark-enrollment-for-level-recalculation.js, airtable/automations/shooting-challenge/042-levels-and-progression-assign-current-and-next-level-with-gate-blocking.js, airtable/automations/shooting-challenge/043-levels-and-progression-set-level-gate-rule-from-next-level.js"
XP Reward Rules,Sort Order,fldQptrY0o33R0TKS,number,31,31,100.0,REPO REFERENCED,"repo hits: airtable/automations/shooting-challenge/002-enrollment-intake-and-setup-assign-grade-band-initial.js, airtable/automations/shooting-challenge/003-enrollment-intake-and-setup-assign-grade-band-if-grade-changes.js, airtable/automations/shooting-challenge/041-levels-and-progression-mark-enrollment-for-level-recalculation.js"
XP Reward Rules,Notes,fldbar6Eua1WUQkGQ,multilineText,31,30,96.77,REPO REFERENCED,"repo hits: tools/airtable/_preview/c025_config_linkage_inspect.json, tools/airtable/_preview/c025_stage17_prod_schema_manifest_source.json"
XP Reward Rules,Grade Band,fldM8BwPSXIZCB1Jm,multipleRecordLinks,31,15,48.39,REPO REFERENCED,"repo hits: airtable/automations/shooting-challenge/002-enrollment-intake-and-setup-assign-grade-band-initial.js, airtable/automations/shooting-challenge/003-enrollment-intake-and-setup-assign-grade-band-if-grade-changes.js, airtable/automations/shooting-challenge/005-submission-intake-and-asset-creation-assign-week-to-submission-homework-first.js"
Config,Active School Year,fldzmpiqjR4etQ24C,singleLineText,4,4,100.0,REPO REFERENCED,"repo hits: airtable/automations/shooting-challenge/057-achievements-and-milestones-calculate-perfect-week-eligibility.js, web/lib/airtable/homework-queries.test.ts, web/lib/airtable/leaderboard-queries.test.ts"
Config,Root Google Drive Folder ID,fldvG7kDIreffetRt,singleLineText,4,4,100.0,REPO REFERENCED,"repo hits: tools/airtable/fut_002_field_inventory.py, tools/airtable/_preview/c025_config_linkage_inspect.json, tools/airtable/_preview/c025_stage17_install_probe.json"
Config,Root Google Drive Folder Link,fldwRqavjwXbCHzar,url,4,4,100.0,REPO REFERENCED,"repo hits: tools/airtable/fut_002_field_inventory.py, tools/airtable/_preview/c025_config_linkage_inspect.json, tools/airtable/_preview/c025_stage17_install_probe.json"
Config,Max Videos Per Submission,fld8IwARVKdshaLzH,number,4,4,100.0,REPO REFERENCED,"repo hits: tools/airtable/_preview/c025_config_linkage_inspect.json, tools/airtable/_preview/c025_stage17_install_probe.json, tools/airtable/_preview/c025_stage17_prod_batch_followup.json"
Config,File,fldA68WQ13vp8svCr,multipleAttachments,4,0,0.0,REPO REFERENCED,"repo hits: tools/airtable/_preview/c025_config_linkage_inspect.json, tools/airtable/_preview/c025_stage17_prod_schema_manifest_source.json"
Config,File Naming Pattern,fldO6JFKn8casT4dO,singleLineText,4,0,0.0,REPO REFERENCED,"repo hits: tools/airtable/_preview/c025_config_linkage_inspect.json, tools/airtable/_preview/c025_stage17_install_probe.json, tools/airtable/_preview/c025_stage17_prod_schema_manifest_source.json"
Config,Detailed Stat Tracking Enabled?,fldsEBaIoxqoIReoo,checkbox,4,1,25.0,REPO REFERENCED,"repo hits: tools/airtable/_preview/c025_config_linkage_inspect.json, tools/airtable/_preview/c025_stage17_install_probe.json, tools/airtable/_preview/c025_stage17_prod_schema_manifest_source.json"
Config,Require Detailed Stats?,fldA0Ms74tOeaYOFN,checkbox,4,0,0.0,REPO REFERENCED,"repo hits: tools/airtable/_preview/c025_config_linkage_inspect.json, tools/airtable/_preview/c025_stage17_install_probe.json, tools/airtable/_preview/c025_stage17_prod_schema_manifest_source.json"
Config,HW Review Enabled?,fldaAbBWBsC44yCfD,checkbox,4,1,25.0,REPO REFERENCED,"repo hits: tools/airtable/_preview/c025_config_linkage_inspect.json, tools/airtable/_preview/c025_stage17_install_probe.json, tools/airtable/_preview/c025_stage17_prod_schema_manifest_source.json"
Config,Video Review Enabled?,flddeHoFNPavBkcPL,checkbox,4,1,25.0,REPO REFERENCED,"repo hits: tools/airtable/_preview/c025_config_linkage_inspect.json, tools/airtable/_preview/c025_stage17_install_probe.json, tools/airtable/_preview/c025_stage17_prod_schema_manifest_source.json"
Config,Submission Base XP,fldXk7fRSgpir8iwZ,number,4,0,0.0,REPO REFERENCED,"repo hits: airtable/automations/shooting-challenge/010-submission-intake-create-xp-event.js, airtable/automations/shooting-challenge/031-weekly-summary-and-goal-logic-find-or-create-weekly-athlete-summary-from-submission.js, airtable/automations/shooting-challenge/035-weekly-summary-and-goal-logic-create-weekly-threshold-xp-events.js"
Config,Shot XP Per Shot,fldP7lyb4xfxW6vXR,number,4,0,0.0,REPO REFERENCED,"repo hits: tools/airtable/_preview/c025_config_linkage_inspect.json, tools/airtable/_preview/c025_stage17_install_probe.json, tools/airtable/_preview/c025_stage17_prod_batch_followup.json"
Config,Submission XP Active?,fldNo8Innj9RKdgbJ,checkbox,4,2,50.0,REPO REFERENCED,"repo hits: tools/airtable/_preview/c025_config_linkage_inspect.json, tools/airtable/_preview/c025_stage17_install_probe.json, tools/airtable/_preview/c025_stage17_prod_batch_followup.json"
Config,Submission XP Notes,fld0VA71ymOcxhg6X,multilineText,4,0,0.0,REPO REFERENCED,"repo hits: tools/airtable/_preview/c025_config_linkage_inspect.json, tools/airtable/_preview/c025_stage17_install_probe.json, tools/airtable/_preview/c025_stage17_prod_batch_followup.json"
Config,Challenge Week Count,fldxXVEXMSInASsiB,number,4,2,50.0,REPO REFERENCED,"repo hits: tools/airtable/generate_final_summary_preview.py, tools/airtable/preview_final_email.py, tools/airtable/_preview/c025_config_linkage_inspect.json"
Config,Active XP Rule Set,fldhbswhXMrXPCJ0G,singleLineText,4,2,50.0,REPO REFERENCED,"repo hits: tools/airtable/_preview/c025_config_linkage_inspect.json, tools/airtable/_preview/c025_stage17_install_probe.json, tools/airtable/_preview/c025_stage17_prod_batch_followup.json"
Config,Recording Approval Email Enabled?,fldR4NV9naOSoDU6O,checkbox,4,2,50.0,HAS DEPENDENTS,referenced by 1 field(s)
Config,Recording Approval Email Template Key,fldl0bGN0c41dpBvJ,singleLineText,4,2,50.0,HAS DEPENDENTS,referenced by 3 field(s)
Config,Recording Approval Email Timing,flddoLFIJyC2SIP0L,singleSelect,4,2,50.0,HAS DEPENDENTS,referenced by 3 field(s)
Config,Recording Gives Full Zoom Gate Credit?,fld0AFXnE0xhFICen,checkbox,4,1,25.0,HAS DEPENDENTS,referenced by 1 field(s)
Config,Recording Makeup Counts for Perfect Week?,fldFf9HMeFPNPLC9V,checkbox,4,2,50.0,HAS DEPENDENTS,referenced by 1 field(s)
Config,Recording Makeup Enabled?,fldr9R8GaW0c0HvoD,checkbox,4,2,50.0,HAS DEPENDENTS,referenced by 1 field(s)
Config,Recording Path Enabled?,fldFkOKC36MZCVKtR,checkbox,4,2,50.0,REPO REFERENCED,"repo hits: tools/airtable/_preview/c025_config_linkage_manifest.json, tools/airtable/_preview/c025_config_linkage_phase_a.json, tools/airtable/_preview/c025_omni_reconciliation_live.json"
Config,Recording Quiz Requires Coach Approval?,fldPKRIZMch51YHy7,checkbox,4,2,50.0,HAS DEPENDENTS,referenced by 1 field(s)
Config,Zoom Recording Deadline Mode,fldkzKonLxbylAZgg,singleSelect,4,2,50.0,HAS DEPENDENTS,referenced by 2 field(s)
Config,Zoom Recording Makeup Window Days,fldwsbviSGqDaSS3T,number,4,2,50.0,HAS DEPENDENTS,referenced by 2 field(s)
Config,Zoom Recording XP Percent of Live,fldRXmdu7x3a9bRXi,number,4,2,50.0,HAS DEPENDENTS,referenced by 2 field(s)
Config,Recording Approval Email Enabled YN,fldSSj0SNiQ7dAwMq,formula,4,4,100.0,HAS DEPENDENTS,referenced by 3 field(s)
Config,Recording Gives Full Zoom Gate Credit YN,fldRZbgnq6f5yGi2o,formula,4,4,100.0,HAS DEPENDENTS,referenced by 2 field(s)
Config,Recording Makeup Counts for Perfect Week YN,fldxNC3NTs9Hbd2bg,formula,4,4,100.0,HAS DEPENDENTS,referenced by 2 field(s)
Config,Recording Makeup Enabled YN,fld1eeLnzTVNiU2TI,formula,4,4,100.0,HAS DEPENDENTS,referenced by 2 field(s)
Config,Recording Quiz Requires Coach Approval YN,fld3gM2GDUBAUtmYj,formula,4,4,100.0,HAS DEPENDENTS,referenced by 2 field(s)
Config,Zoom Attendance,fldk5EnF1d5g6mVeb,multipleRecordLinks,4,1,25.0,REPO REFERENCED,"repo hits: airtable/automations/shooting-challenge/041-levels-and-progression-mark-enrollment-for-level-recalculation.js, airtable/automations/shooting-challenge/042-levels-and-progression-assign-current-and-next-level-with-gate-blocking.js, airtable/automations/shooting-challenge/057-achievements-and-milestones-calculate-perfect-week-eligibility.js"
Config,Zoom Meetings,fldJvEB51pdtYjEUy,multipleRecordLinks,4,1,25.0,REPO REFERENCED,"repo hits: airtable/automations/shooting-challenge/041-levels-and-progression-mark-enrollment-for-level-recalculation.js, airtable/automations/shooting-challenge/042-levels-and-progression-assign-current-and-next-level-with-gate-blocking.js, airtable/automations/shooting-challenge/057-achievements-and-milestones-calculate-perfect-week-eligibility.js"
Config,Zoom Meetings 2,fldntyYZGJwxkICDJ,multipleRecordLinks,4,1,25.0,REPO REFERENCED,"repo hits: tools/airtable/_preview/c025_omni_reconciliation_live.json, tools/airtable/_preview/c025_related_fields.json, tools/airtable/_preview/c025_stage17_install_probe.json"
Config,Weeks,fldlQYpaIY60Em5fl,multipleRecordLinks,4,1,25.0,ACTIVE / KEEP,25.00% populated
Config,FBC Curriculum - SYNC,fldUaPCKGrb1sGdnf,singleLineText,4,0,0.0,REPO REFERENCED,"repo hits: web/lib/airtable/public-tables.ts, tools/airtable/generate_final_summary_preview.py, tools/airtable/preview_final_email.py"
Config,Level Gate Rules,fld3GaFb9UO6GlMPC,multipleRecordLinks,4,1,25.0,REPO REFERENCED,"repo hits: airtable/automations/shooting-challenge/041-levels-and-progression-mark-enrollment-for-level-recalculation.js, airtable/automations/shooting-challenge/042-levels-and-progression-assign-current-and-next-level-with-gate-blocking.js, airtable/automations/shooting-challenge/043-levels-and-progression-set-level-gate-rule-from-next-level.js"
Config,Perfect Week Video Minimum,fldqRxjWGXcbUZUg3,number,4,4,100.0,HAS DEPENDENTS,referenced by 1 field(s)
Config,Program Instance - Sync,fldgV7p9MnrXQ2nUZ,multipleRecordLinks,4,1,25.0,REPO REFERENCED,"repo hits: airtable/automations/shooting-challenge/023-submission-intake-and-asset-creation-assign-enrollment-to-submission.js, airtable/automations/shooting-challenge/057-achievements-and-milestones-calculate-perfect-week-eligibility.js, airtable/automations/shooting-challenge/070a-email-notifications-and-external-handoffs-send-homework-asset-payload-to-make.js"
Email Handoff Queue,Handoff Key,fldJoky2XYBwuM2dE,singleLineText,104,104,100.0,HAS DEPENDENTS,referenced by 1 field(s)
Email Handoff Queue,Status,fld5LrYntHHVXDEFJ,singleSelect,104,104,100.0,HAS DEPENDENTS,referenced by 1 field(s)
Email Handoff Queue,Source Record ID,fldB83eYiqCO8VQNc,singleLineText,104,104,100.0,HAS DEPENDENTS,referenced by 1 field(s)
Email Handoff Queue,Hub Event ID,fld2fNPZ1WEpOoM9y,singleLineText,104,104,100.0,REPO REFERENCED,"repo hits: airtable/automations/shooting-challenge/079-email-notifications-and-external-handoffs-send-queue-handoff-to-communications-hub.js, tests/email/automation-079-offline.test.mjs"
Email Handoff Queue,Accepted At,fldlvP8skm4mhaBpk,dateTime,104,104,100.0,REPO REFERENCED,"repo hits: airtable/automations/shooting-challenge/079-email-notifications-and-external-handoffs-send-queue-handoff-to-communications-hub.js, tests/email/automation-079-offline.test.mjs"
Email Handoff Queue,Hub Accepted At,fldNwmc620NAB4IPg,dateTime,104,0,0.0,EMPTY — REVIEW,empty with no verified deps; confirm product intent
Email Handoff Queue,Hub Error,fldTDR5UGoAvNiekg,multilineText,104,0,0.0,EMPTY — REVIEW,empty with no verified deps; confirm product intent
Email Handoff Queue,Retry Count,fldIbjhSgRttfaoJ6,number,104,0,0.0,EMPTY — REVIEW,empty with no verified deps; confirm product intent
Email Handoff Queue,Last Retry At,fldBuxEejak89JYat,dateTime,104,0,0.0,EMPTY — REVIEW,empty with no verified deps; confirm product intent
Email Handoff Queue,Send to Hub?,fldhOr0JIpxzrrKQy,formula,104,104,100.0,ACTIVE / KEEP,100.00% populated
Email Handoff Queue,Source Table,fldJUMa9Iqv5Oz2vr,singleLineText,104,104,100.0,REPO REFERENCED,"repo hits: airtable/automations/shooting-challenge/071-email-notifications-and-external-handoffs-send-homework-feedback-email-webhook.js, airtable/automations/shooting-challenge/073-email-notifications-and-external-handoffs-send-video-feedback-parent-email-webhook.js, airtable/automations/shooting-challenge/074-email-notifications-and-external-handoffs-send-weekly-summary-email-package-to-make.js"
Email Handoff Queue,Event Type,fld5g2Xdm6kWbWs0Y,singleSelect,104,104,100.0,HAS DEPENDENTS,referenced by 1 field(s)
Email Handoff Queue,Payload JSON,fld17rgEefEnMXrrj,multilineText,104,104,100.0,HAS DEPENDENTS,referenced by 1 field(s)
Email Handoff Queue,Attempt Count,fldxeqJb6oJjY9Ry2,number,104,104,100.0,REPO REFERENCED,"repo hits: airtable/automations/shooting-challenge/071-email-notifications-and-external-handoffs-send-homework-feedback-email-webhook.js, airtable/automations/shooting-challenge/073-email-notifications-and-external-handoffs-send-video-feedback-parent-email-webhook.js, airtable/automations/shooting-challenge/074-email-notifications-and-external-handoffs-send-weekly-summary-email-package-to-make.js"
Email Handoff Queue,Hub Response JSON,fldhzwZEatJa85h7J,multilineText,104,104,100.0,REPO REFERENCED,"repo hits: airtable/automations/shooting-challenge/079-email-notifications-and-external-handoffs-send-queue-handoff-to-communications-hub.js, tests/email/automation-079-offline.test.mjs"
Email Handoff Queue,Program Instance Record ID,fld9dEqCEw9Mx9vVJ,singleLineText,104,104,100.0,REPO REFERENCED,"repo hits: airtable/automations/shooting-challenge/071-email-notifications-and-external-handoffs-send-homework-feedback-email-webhook.js, airtable/automations/shooting-challenge/073-email-notifications-and-external-handoffs-send-video-feedback-parent-email-webhook.js, airtable/automations/shooting-challenge/074-email-notifications-and-external-handoffs-send-weekly-summary-email-package-to-make.js"
Email Handoff Queue,Enrollment Record ID,fld0wHHKfHpKq1qCe,singleLineText,104,104,100.0,REPO REFERENCED,"repo hits: airtable/automations/shooting-challenge/023-submission-intake-and-asset-creation-assign-enrollment-to-submission.js, airtable/automations/shooting-challenge/071-email-notifications-and-external-handoffs-send-homework-feedback-email-webhook.js, airtable/automations/shooting-challenge/073-email-notifications-and-external-handoffs-send-video-feedback-parent-email-webhook.js"
Email Handoff Queue,Recipients JSON,fldR7bVzTXV9fU2wo,multilineText,104,104,100.0,HAS DEPENDENTS,referenced by 1 field(s)
Email Handoff Queue,Last Error,fldSCHhmVohCMv6d6,multilineText,104,0,0.0,REPO REFERENCED,"repo hits: airtable/automations/shooting-challenge/079-email-notifications-and-external-handoffs-send-queue-handoff-to-communications-hub.js, tools/airtable/_foundation_create_testing_scenarios.py, tools/season_simulation/constants.py"
Email Handoff Queue,Template Key,fldiyoUxWSe9afrEb,singleLineText,104,104,100.0,REPO REFERENCED,"repo hits: airtable/automations/shooting-challenge/071-email-notifications-and-external-handoffs-send-homework-feedback-email-webhook.js, airtable/automations/shooting-challenge/073-email-notifications-and-external-handoffs-send-video-feedback-parent-email-webhook.js, airtable/automations/shooting-challenge/074-email-notifications-and-external-handoffs-send-weekly-summary-email-package-to-make.js"
Email Handoff Queue,Test Mode?,fld2ORqSTQVNRc3mG,checkbox,104,104,100.0,REPO REFERENCED,"repo hits: airtable/automations/shooting-challenge/071-email-notifications-and-external-handoffs-send-homework-feedback-email-webhook.js, airtable/automations/shooting-challenge/073-email-notifications-and-external-handoffs-send-video-feedback-parent-email-webhook.js, airtable/automations/shooting-challenge/074-email-notifications-and-external-handoffs-send-weekly-summary-email-package-to-make.js"
Email Handoff Queue,Last Attempt At,fldoeIf6ym20Ql74P,dateTime,104,104,100.0,REPO REFERENCED,"repo hits: airtable/automations/shooting-challenge/079-email-notifications-and-external-handoffs-send-queue-handoff-to-communications-hub.js, tests/email/automation-079-offline.test.mjs"
Email Handoff Queue,Created,fldMqPg4iP4wmOcaq,createdTime,104,104,100.0,ACTIVE / KEEP,100.00% populated
Awards,Award Name,fldFLW9WVXYo170Zi,singleLineText,31,31,100.0,REPO REFERENCED,"repo hits: tools/airtable/audit_awards_catalog_and_connections.py, tools/airtable/audit_final_awards.py, tools/airtable/audit_goal_conquer_reconciliation.py"
Awards,Award Scope,fldqKmcMOqooDYklR,singleSelect,31,31,100.0,REPO REFERENCED,"repo hits: tools/airtable/audit_awards_catalog_and_connections.py, tools/airtable/audit_final_awards.py, tools/airtable/audit_goal_conquer_reconciliation.py"
Awards,Summary Section Group,fldQ9DooKnGm4pPaw,singleSelect,31,31,100.0,REPO REFERENCED,repo hits: tools/airtable/audit_awards_catalog_and_connections.py
Awards,Prize Value,fldQoETIjAjIGWYnH,currency,31,23,74.19,HAS DEPENDENTS,referenced by 1 field(s)
Awards,Default Email Description,fld72NoPwSFZJL1Om,multilineText,31,31,100.0,ACTIVE / KEEP,100.00% populated
Awards,Default Email Label,fldnOytupglaEHgwO,singleLineText,31,31,100.0,REPO REFERENCED,repo hits: tools/airtable/audit_awards_catalog_and_connections.py
Awards,Recurring Award?,fldBP53VYqhtyO18U,checkbox,31,16,51.61,REPO REFERENCED,repo hits: tools/airtable/audit_awards_catalog_and_connections.py
Awards,Include in Weekly Awards Section?,fld3yQWw1Jb2Thy5n,checkbox,31,16,51.61,REPO REFERENCED,repo hits: tools/airtable/audit_awards_catalog_and_connections.py
Awards,Eligible for Weekly Summary?,fldQWPX5xf9yduRCu,checkbox,31,16,51.61,REPO REFERENCED,repo hits: tools/airtable/audit_awards_catalog_and_connections.py
Awards,Eligible for Overall Summary?,fldqBUU0QOP9O64t1,checkbox,31,21,67.74,REPO REFERENCED,repo hits: tools/airtable/audit_awards_catalog_and_connections.py
Awards,Include in Overall Awards Section?,fld3iYVye7jgqXAh6,checkbox,31,15,48.39,REPO REFERENCED,repo hits: tools/airtable/audit_awards_catalog_and_connections.py
Awards,Challenge Active?,fldE2Du2bYQNgckku,checkbox,31,25,80.65,REPO REFERENCED,repo hits: tools/airtable/audit_awards_catalog_and_connections.py
Awards,Award Recipients,fldUp6wfeehM6rT2q,multipleRecordLinks,31,6,19.35,HAS DEPENDENTS,referenced by 1 field(s)
Awards,Default Winner Text,fldv1o6yNwF1PyasA,multilineText,31,31,100.0,ACTIVE / KEEP,100.00% populated
Awards,Default No-Winner Text,fldmvrufmPpiTfdGx,multilineText,31,26,83.87,ACTIVE / KEEP,83.87% populated
Awards,Gift Card Award?,fldSe54esv7EVk4EE,checkbox,31,23,74.19,REPO REFERENCED,"repo hits: tools/airtable/audit_awards_catalog_and_connections.py, tools/airtable/audit_final_awards.py"
Awards,Current Challenge Eligible?,fldmc5kEN1uapmslB,checkbox,31,25,80.65,REPO REFERENCED,repo hits: tools/airtable/audit_awards_catalog_and_connections.py
Awards,Award Recipients Count,fldJlOo6dALk66GPb,count,31,31,100.0,REPO REFERENCED,repo hits: tools/airtable/audit_awards_catalog_and_connections.py
Awards,Email Display Name,fldkzrZ0LuqhgFiBu,singleLineText,31,31,100.0,REPO REFERENCED,"repo hits: tools/airtable/audit_awards_catalog_and_connections.py, tools/airtable/audit_final_awards.py, tools/airtable/compare_award_recipients_snapshot.py"
Awards,Email Display Short Name,fldmsNeIplVq6Dw1T,singleLineText,31,31,100.0,REPO REFERENCED,"repo hits: tools/airtable/audit_awards_catalog_and_connections.py, tools/airtable/audit_final_awards.py, tools/airtable/generate_final_awards_email.py"
Awards,Award Description,fldzpb9Hf8UBHIKr2,multilineText,31,31,100.0,HAS DEPENDENTS,referenced by 1 field(s)
Awards,Sort Order,fldG7ynAfsi4QLsVJ,number,31,31,100.0,REPO REFERENCED,"repo hits: airtable/automations/shooting-challenge/002-enrollment-intake-and-setup-assign-grade-band-initial.js, airtable/automations/shooting-challenge/003-enrollment-intake-and-setup-assign-grade-band-if-grade-changes.js, airtable/automations/shooting-challenge/041-levels-and-progression-mark-enrollment-for-level-recalculation.js"
Awards,Award Code,fldOOa1YoABNbjia3,singleLineText,31,31,100.0,REPO REFERENCED,repo hits: tools/airtable/audit_awards_catalog_and_connections.py
Awards,Active?,fldu0Ar8IN7uTxjXI,checkbox,31,21,67.74,ACTIVE / KEEP,67.74% populated
Awards,Award Category,fldDiJZVmSvN9IlFt,singleSelect,31,31,100.0,HAS DEPENDENTS,referenced by 1 field(s)
Awards,Award Type,fldWwIirq6ipZHIo3,singleSelect,31,31,100.0,REPO REFERENCED,repo hits: tools/airtable/audit_awards_catalog_and_connections.py
Awards,Prize Type,fldNd8RFsdLlpYRcx,singleSelect,31,31,100.0,HAS DEPENDENTS,referenced by 1 field(s)
Awards,Internal Notes,fldxcFOX72WzANqQc,multilineText,31,10,32.26,REPO REFERENCED,repo hits: tools/season_simulation/constants.py
Awards,Requires Manual Fulfillment?,fldm2pqsdVfscNHU7,checkbox,31,7,22.58,ACTIVE / KEEP,22.58% populated
Award Recipients,Award Recipient Display,fldS0XuqihMQxhLZZ,formula,9,9,100.0,REPO REFERENCED,"repo hits: tools/airtable/audit_awards_catalog_and_connections.py, tools/airtable/audit_final_awards.py, tools/airtable/compare_award_recipients_snapshot.py"
Award Recipients,Week,fld6D1e5HT9NKWVGv,multipleRecordLinks,9,0,0.0,HAS DEPENDENTS,referenced by 2 field(s)
Award Recipients,Enrollment,fldscYvriHP3DH8HO,multipleRecordLinks,9,9,100.0,HAS DEPENDENTS,referenced by 6 field(s)
Award Recipients,Athlete Name - Display,fldzV0vh3NJARcTS0,multipleLookupValues,9,9,100.0,HAS DEPENDENTS,referenced by 2 field(s)
Award Recipients,Enrollment Name Lookup,fldjDS2cgoEP3eBFJ,multipleLookupValues,9,9,100.0,HAS DEPENDENTS,referenced by 1 field(s)
Award Recipients,Award,fldKpXJVF01SjiDOV,multipleRecordLinks,9,9,100.0,HAS DEPENDENTS,referenced by 7 field(s)
Award Recipients,Award Amount,fld48LJbn67iHmk3c,multipleLookupValues,9,9,100.0,HAS DEPENDENTS,referenced by 2 field(s)
Award Recipients,Program Instance,fld7Se1W7q58MvvZM,multipleLookupValues,9,9,100.0,REPO REFERENCED,"repo hits: airtable/automations/shooting-challenge/005-submission-intake-and-asset-creation-assign-week-to-submission-homework-first.js, airtable/automations/shooting-challenge/010-submission-intake-create-xp-event.js, airtable/automations/shooting-challenge/020-homework-link-or-create-homework-completion.js"
Award Recipients,Award Scope,fldK8WK2NYWD4R7yt,singleSelect,9,9,100.0,REPO REFERENCED,"repo hits: tools/airtable/audit_awards_catalog_and_connections.py, tools/airtable/audit_final_awards.py, tools/airtable/audit_goal_conquer_reconciliation.py"
Award Recipients,Gift Card Needed?,fldEbMMnLKr9nuYdh,formula,9,9,100.0,REPO REFERENCED,"repo hits: tools/airtable/audit_awards_catalog_and_connections.py, tools/airtable/audit_final_awards.py, tools/airtable/compare_award_recipients_snapshot.py"
Award Recipients,Date Awarded,fldiTtywqTQHcsUXt,dateTime,9,9,100.0,HAS DEPENDENTS,referenced by 2 field(s)
Award Recipients,Delivery Method,fldwW95B1Y0zclKCj,singleSelect,9,9,100.0,ACTIVE / KEEP,100.00% populated
Award Recipients,Award Status,fldFOsYD5HxeUHq3M,singleSelect,9,9,100.0,HAS DEPENDENTS,referenced by 4 field(s)
Award Recipients,Award Recipient Unique Key,fldFIQFTR3Szj4nsV,formula,9,9,100.0,REPO REFERENCED,"repo hits: tools/airtable/audit_awards_catalog_and_connections.py, tools/airtable/audit_final_awards.py, tools/airtable/compare_award_recipients_snapshot.py"
Award Recipients,Award Category Lookup,fldnRrES6nzGYrYA8,multipleLookupValues,9,9,100.0,REPO REFERENCED,"repo hits: tools/airtable/audit_awards_catalog_and_connections.py, tools/airtable/_agent23_export.py"
Award Recipients,Prize Type Lookup,fldOgUlU1yl7l6dBG,multipleLookupValues,9,9,100.0,HAS DEPENDENTS,referenced by 1 field(s)
Award Recipients,Award Status Sort,fldDYJap2zTx3gKQ1,formula,9,9,100.0,REPO REFERENCED,repo hits: make/blueprints/awards-send-tremendous-sandbox-reward-v1.json
Award Recipients,Athlete First Name Lookup,fldRxjiHRZZjilcdW,multipleLookupValues,9,9,100.0,ACTIVE / KEEP,100.00% populated
Award Recipients,Award Description - Lkp,fldOyxnusd7hooGFR,multipleLookupValues,9,9,100.0,HAS DEPENDENTS,referenced by 1 field(s)
Award Recipients,Award Description - Display,fld3b3BLKm3qKaAvq,formula,9,9,100.0,ACTIVE / KEEP,100.00% populated
Award Recipients,RecordId,fldXSQ7KbWSPQn3vR,formula,9,9,100.0,REPO REFERENCED,"repo hits: airtable/automations/shooting-challenge/001-enrollment-intake-and-setup-find-or-create-athlete-and-link-enrollment.js, airtable/automations/shooting-challenge/002-enrollment-intake-and-setup-assign-grade-band-initial.js, airtable/automations/shooting-challenge/003-enrollment-intake-and-setup-assign-grade-band-if-grade-changes.js"
Award Recipients,Tremendous Environment,fldZET6wLeLHlvJuI,singleSelect,9,9,100.0,REPO REFERENCED,"repo hits: make/blueprints/awards-send-tremendous-sandbox-reward-v1.json, make/blueprints/awards-send-tremendous-sandbox-reward-v2.json"
Award Recipients,Tremendous External ID,fldeuceZLbtjWqD9M,singleLineText,9,4,44.44,REPO REFERENCED,"repo hits: make/blueprints/awards-send-tremendous-sandbox-reward-v1.json, make/blueprints/awards-send-tremendous-sandbox-reward-v2.json"
Award Recipients,Tremendous Reward ID,fldgJ924l1O7HuPx4,singleLineText,9,7,77.78,HAS DEPENDENTS,referenced by 1 field(s)
Award Recipients,Tremendous Order ID,fldzCsQGaEfgkMc7W,singleLineText,9,7,77.78,HAS DEPENDENTS,referenced by 1 field(s)
Award Recipients,Tremendous Delivery Status,fldfpNmRYpXFhql8z,singleSelect,9,5,55.56,REPO REFERENCED,"repo hits: make/blueprints/awards-send-tremendous-sandbox-reward-v1.json, make/blueprints/awards-send-tremendous-sandbox-reward-v2.json"
Award Recipients,Tremendous Sent At,flduq9jpAmcrM7bhg,dateTime,9,7,77.78,REPO REFERENCED,"repo hits: make/blueprints/awards-send-tremendous-sandbox-reward-v1.json, make/blueprints/awards-send-tremendous-sandbox-reward-v2.json"
Award Recipients,Tremendous Error Message,fldPRzXswLQRZEaLV,multilineText,9,1,11.11,REPO REFERENCED,"repo hits: make/blueprints/awards-send-tremendous-sandbox-reward-v1.json, make/blueprints/awards-send-tremendous-sandbox-reward-v2.json"
Award Recipients,Tremendous Delivered At,flds70ShV19aHCamu,dateTime,9,0,0.0,EMPTY — REVIEW,empty with no verified deps; confirm product intent
Award Recipients,Tremendous Response,fldLEHVGRLu9S0z3F,multilineText,9,7,77.78,REPO REFERENCED,"repo hits: make/blueprints/awards-send-tremendous-sandbox-reward-v1.json, make/blueprints/awards-send-tremendous-sandbox-reward-v2.json"
Award Recipients,Tremendous Test Record?,fldxTF8ZEj7gwVJN8,checkbox,9,8,88.89,ACTIVE / KEEP,88.89% populated
Award Recipients,Send to Tremendous?,fldJhiZOoS0azZ1mq,checkbox,9,4,44.44,REPO REFERENCED,"repo hits: make/blueprints/awards-send-tremendous-sandbox-reward-v1.json, make/blueprints/awards-send-tremendous-sandbox-reward-v2.json"
Award Recipients,Ready to Send?,fldoKPpxMYk44EqUA,formula,9,9,100.0,ACTIVE / KEEP,100.00% populated
Award Recipients,Last Modified,fldTHNk1OcgtP86O8,lastModifiedTime,9,9,100.0,REPO REFERENCED,repo hits: make/blueprints/awards-send-tremendous-sandbox-reward-v2.json
Award Recipients,Coach Feedback - Awards,flduu7KNscrOnwXiz,richText,9,4,44.44,REPO REFERENCED,repo hits: make/blueprints/awards-send-tremendous-sandbox-reward-v2.json
Award Recipients,Award - Display,fld1tQOHYDor2hbDs,formula,9,9,100.0,REPO REFERENCED,repo hits: make/blueprints/awards-send-tremendous-sandbox-reward-v2.json
Award Recipients,Award Amount - Send,fldbn1x6wYRnb5OUq,formula,9,9,100.0,ACTIVE / KEEP,100.00% populated
Award Recipients,Parent Email - Send,fldpOetue7xMLOM6P,formula,9,9,100.0,ACTIVE / KEEP,100.00% populated
Award Recipients,Athlete Name - Send,fldWeqAIYCblefcrD,formula,9,9,100.0,ACTIVE / KEEP,100.00% populated
Award Recipients,Parent Email,fldVd9S7mc12hnvJe,multipleLookupValues,9,9,100.0,HAS DEPENDENTS,referenced by 2 field(s)
Final Reflection Quiz Submissions,Quiz Submission Name,fldAqXmEQNBBawAke,formula,0,0,,EMPTY TABLE — STRUCTURAL?,zero records; may still be form/quiz structure
Final Reflection Quiz Submissions,Enrollment,flduxJuiiibQE0pbt,multipleRecordLinks,0,0,,HAS DEPENDENTS,referenced by 2 field(s)
Final Reflection Quiz Submissions,Record Id - Enrollment,fldlgRuMqmE56MuZs,multipleLookupValues,0,0,,EMPTY TABLE — STRUCTURAL?,zero records; may still be form/quiz structure
Final Reflection Quiz Submissions,Homework Completion,fldu8A4cwo5R237QL,multipleRecordLinks,0,0,,HAS DEPENDENTS,referenced by 1 field(s)
Final Reflection Quiz Submissions,Submitted At,fldEG71aWxpM4hrGL,createdTime,0,0,,HAS DEPENDENTS,referenced by 2 field(s)
Final Reflection Quiz Submissions,Processing Status,fldxQc86Q2OowYPxc,singleSelect,0,0,,REPO REFERENCED,"repo hits: airtable/automations/shooting-challenge/001-enrollment-intake-and-setup-find-or-create-athlete-and-link-enrollment.js, airtable/automations/shooting-challenge/002-enrollment-intake-and-setup-assign-grade-band-initial.js, airtable/automations/shooting-challenge/003-enrollment-intake-and-setup-assign-grade-band-if-grade-changes.js"
Final Reflection Quiz Submissions,Processing Error,flddnRLACKMAysd9J,multilineText,0,0,,REPO REFERENCED,"repo hits: airtable/automations/shooting-challenge/067-homework-link-or-create-completion-from-reflection-quiz.js, tools/testing/tests/run_067_pha_script.mjs, tests/homework-contracts/067-summary-link.test.js"
Final Reflection Quiz Submissions,Coach/Admin Notes,fldL3paXHkn6fPWsG,multilineText,0,0,,EMPTY TABLE — STRUCTURAL?,zero records; may still be form/quiz structure
Final Reflection Quiz Submissions,How did the athlete complete this reflection quiz?,fldTKmWermFfdERjC,singleSelect,0,0,,HAS DEPENDENTS,referenced by 1 field(s)
Final Reflection Quiz Submissions,"Q1 — Shot Tracker Usage: A player wants to improve, but sometimes they are tempted to only count makes or leave out bad shooting days. What is the best reason to track shots honestly?",fldYF0DExP9KotsoZ,singleSelect,0,0,,HAS DEPENDENTS,referenced by 1 field(s)
Final Reflection Quiz Submissions,Q2 — Website Exploration: Why should the athlete regularly use the challenge site to check their progress and work?,fldwABmogrWtC9zGM,singleSelect,0,0,,HAS DEPENDENTS,referenced by 1 field(s)
Final Reflection Quiz Submissions,"Q3 — The Choice is Yours: If an athlete is having an off day in practice, what is the best mindset to use?",fldshS8Fq9EHM0GG4,singleSelect,0,0,,HAS DEPENDENTS,referenced by 1 field(s)
Final Reflection Quiz Submissions,"Q4 — Shooting Form and Technique: Why should players learn to focus on their form and technique during practice, even when they feel rushed or pressured?",fldl4YXFMKiKtDUfb,singleSelect,0,0,,HAS DEPENDENTS,referenced by 1 field(s)
Final Reflection Quiz Submissions,Q5 — Self Esteem and Accomplishment: What helps a player actually build self-esteem and confidence during the challenge?,fldIdHdBJRJdZIiqO,singleSelect,0,0,,HAS DEPENDENTS,referenced by 1 field(s)
Final Reflection Quiz Submissions,"Q6 — Layup Series Homework: Why does the Layup Homework matter for every participant, even if they already make a lot of layups?",fldwGCnnpHkmiwC5n,singleSelect,0,0,,HAS DEPENDENTS,referenced by 1 field(s)
Final Reflection Quiz Submissions,"Q7 — Touch and Talk: If a teammate looks discouraged or frustrated, what is usually the best response?",fldKNrTgpchnsWefJ,singleSelect,0,0,,HAS DEPENDENTS,referenced by 1 field(s)
Final Reflection Quiz Submissions,"Q8 — 5 Spot Shooting Locations: Why do players practice shooting from all 5 main spots, and not just their favorite one?",fldtzdrBXUP6i3kSD,singleSelect,0,0,,HAS DEPENDENTS,referenced by 1 field(s)
Final Reflection Quiz Submissions,Q9 — Mikan Drill: What is the best intention for doing the Mikan Drill during the challenge?,fldSCyUencG1gJwDq,singleSelect,0,0,,HAS DEPENDENTS,referenced by 1 field(s)
Final Reflection Quiz Submissions,Q10 — Goal Setting — What GOATS Do!: How do the best athletes approach goal setting in a program like this?,fldCkJN13P44pUVYO,singleSelect,0,0,,HAS DEPENDENTS,referenced by 1 field(s)
Final Reflection Quiz Submissions,Q11 — Thank You Note: What is the biggest lesson behind the Thank You Note activity in this program?,fldEjHXFqVmNOrkwT,singleSelect,0,0,,HAS DEPENDENTS,referenced by 1 field(s)
Final Reflection Quiz Submissions,"Q12 — Coach Yourself: When a player is struggling or frustrated, what is a strong approach to coaching themselves?",fld77T2e4qJkBrGI5,singleSelect,0,0,,HAS DEPENDENTS,referenced by 1 field(s)
Final Reflection Quiz Submissions,Q13 — Visualization: Why use visualization in the challenge or before a game or practice?,fldebZGfUzSgktSd0,singleSelect,0,0,,HAS DEPENDENTS,referenced by 1 field(s)
Final Reflection Quiz Submissions,Q14 — Build Your Freethrow Routine: What is the purpose of building a repeatable free throw routine?,fld0iZ3xKERog9yf8,singleSelect,0,0,,HAS DEPENDENTS,referenced by 1 field(s)
Final Reflection Quiz Submissions,Q15 — Bad Habit I Need to Fix: What is the best way to approach a bad habit noticed during the challenge?,fldUnzXdULPDJteoa,singleSelect,0,0,,HAS DEPENDENTS,referenced by 1 field(s)
Final Reflection Quiz Submissions,Q16 — Sportsmanship: What does true sportsmanship look like in the context of this challenge?,fldCy4Ow15WOwUgHD,singleSelect,0,0,,HAS DEPENDENTS,referenced by 1 field(s)
Final Reflection Quiz Submissions,Q17 — Final Reflection Challenge: What is the purpose of the final reflection challenge for athletes?,fldSbzcVFDOe24j3w,singleSelect,0,0,,HAS DEPENDENTS,referenced by 1 field(s)
Final Reflection Quiz Submissions,Q18 — Shot Tracker Summary: What is the real value of completing the full Shot Tracker and reviewing its data at the end?,fldTcuPdeOKT1dLZ6,singleSelect,0,0,,HAS DEPENDENTS,referenced by 1 field(s)
Final Reflection Quiz Submissions,Q1 Correct?,fldlb3AVfAj7FEmjr,formula,0,0,,HAS DEPENDENTS,referenced by 1 field(s)
Final Reflection Quiz Submissions,Q2 Correct?,fldZAbDPFpiNpkDOq,formula,0,0,,HAS DEPENDENTS,referenced by 1 field(s)
Final Reflection Quiz Submissions,Q3 Correct?,fldaCZZrVbq3vnLSq,formula,0,0,,HAS DEPENDENTS,referenced by 1 field(s)
Final Reflection Quiz Submissions,Q4 Correct?,fldexVYGdhYxxfRX1,formula,0,0,,HAS DEPENDENTS,referenced by 1 field(s)
Final Reflection Quiz Submissions,Q5 Correct?,fldcOfPpL90km4pma,formula,0,0,,HAS DEPENDENTS,referenced by 1 field(s)
Final Reflection Quiz Submissions,Q6 Correct?,fldTXIJAAcaIG7p61,formula,0,0,,HAS DEPENDENTS,referenced by 1 field(s)
Final Reflection Quiz Submissions,Q7 Correct?,fldMEi055mkYu68AT,formula,0,0,,HAS DEPENDENTS,referenced by 1 field(s)
Final Reflection Quiz Submissions,Q8 Correct?,fld6jCKjhOIZraWE0,formula,0,0,,HAS DEPENDENTS,referenced by 1 field(s)
Final Reflection Quiz Submissions,Q9 Correct?,fldknn7fDm8dYcdUA,formula,0,0,,HAS DEPENDENTS,referenced by 1 field(s)
Final Reflection Quiz Submissions,Q10 Correct?,fldAO1L59WXe2yAda,formula,0,0,,HAS DEPENDENTS,referenced by 1 field(s)
Final Reflection Quiz Submissions,Q11 Correct?,fldnydmLvWZxEL0CN,formula,0,0,,HAS DEPENDENTS,referenced by 1 field(s)
Final Reflection Quiz Submissions,Q12 Correct?,fldID2LXbRMTXHGl0,formula,0,0,,HAS DEPENDENTS,referenced by 1 field(s)
Final Reflection Quiz Submissions,Q13 Correct?,fldWIwQtW65redest,formula,0,0,,HAS DEPENDENTS,referenced by 1 field(s)
Final Reflection Quiz Submissions,Q14 Correct?,fldeewXvzq25KD0LD,formula,0,0,,HAS DEPENDENTS,referenced by 1 field(s)
Final Reflection Quiz Submissions,Q15 Correct?,fldjwZgB95zTt1b1J,formula,0,0,,HAS DEPENDENTS,referenced by 1 field(s)
Final Reflection Quiz Submissions,Q16 Correct?,fldFa2XMCKCAVJGQH,formula,0,0,,HAS DEPENDENTS,referenced by 1 field(s)
Final Reflection Quiz Submissions,Q17 Correct?,fldqKED95c4zR4yUc,formula,0,0,,HAS DEPENDENTS,referenced by 1 field(s)
Final Reflection Quiz Submissions,Q18 Correct?,fldYgf26x3COZPJ7s,formula,0,0,,HAS DEPENDENTS,referenced by 1 field(s)
Final Reflection Quiz Submissions,Score,fldsIQShDXzmedaXQ,formula,0,0,,HAS DEPENDENTS,referenced by 2 field(s)
Final Reflection Quiz Submissions,Target Score Met?,fldEZzv92MPxZOnF8,formula,0,0,,HAS DEPENDENTS,referenced by 1 field(s)
Final Reflection Quiz Submissions,Quiz Result Summary,fldqoB4GSy8uyJc0A,formula,0,0,,REPO REFERENCED,repo hits: airtable/automations/shooting-challenge/071-email-notifications-and-external-handoffs-send-homework-feedback-email-webhook.js
Final Reflection Quiz Submissions,Homework 17 Credit Earned?,fldVGAmZzbfn89Ilp,formula,0,0,,HAS DEPENDENTS,referenced by 1 field(s)
Final Reflection Quiz Submissions,Family Discussion Bonus?,fldXOIUPLSnWOIoPg,formula,0,0,,HAS DEPENDENTS,referenced by 1 field(s)
Final Reflection Quiz Submissions,Correct Answer Distribution,fldnZZs7xjj8SJmYO,multilineText,0,0,,EMPTY TABLE — STRUCTURAL?,zero records; may still be form/quiz structure
Final Reflection Quiz Submissions,Quiz Version,fldSxgf6SawPMpD4A,singleLineText,0,0,,EMPTY TABLE — STRUCTURAL?,zero records; may still be form/quiz structure
Final Reflection Quiz Submissions,Homework Credit Rule,fldX2QfKwWWz8aacw,multilineText,0,0,,EMPTY TABLE — STRUCTURAL?,zero records; may still be form/quiz structure
Final Reflection Quiz Submissions,Created Time,fldRFXVvI57iekWiT,createdTime,0,0,,REPO REFERENCED,"repo hits: tools/season_simulation/preflight.py, tools/airtable/_preview/c023-dev-stage5-S5A-recF86pJTIMFoEypJ.json, tools/airtable/_preview/c023-dev-stage5-S5B-recF86pJTIMFoEypJ.json"
Final Reflection Quiz Submissions,Coach Feedback,fldwiFIPNMP7uflIv,multipleLookupValues,0,0,,REPO REFERENCED,"repo hits: airtable/automations/shooting-challenge/064-homework-review-and-xp-prepare-homework-xp-award.js, airtable/automations/shooting-challenge/065-homework-review-and-xp-create-homework-xp-event.js, airtable/automations/shooting-challenge/071-email-notifications-and-external-handoffs-send-homework-feedback-email-webhook.js"
Zoom Meetings,Meeting Display Name,fldCX0aHQq1xQDg1J,formula,2,2,100.0,REPO REFERENCED,"repo hits: web/types/xp.ts, web/lib/data/xp-activity-loader.test.ts, web/lib/data/xp-activity-loader.ts"
Zoom Meetings,Meeting Name,fldCQk7g8wGEWbf5P,singleLineText,2,2,100.0,HAS DEPENDENTS,referenced by 1 field(s)
Zoom Meetings,Week,fldOi0gQkrvoBiuHs,multipleRecordLinks,2,2,100.0,HAS DEPENDENTS,referenced by 5 field(s)
Zoom Meetings,Start Time,fld1VGAi6PUxMv6aH,dateTime,2,2,100.0,HAS DEPENDENTS,referenced by 3 field(s)
Zoom Meetings,Meeting Status,fldacwAjVOVvf6GL3,singleSelect,2,2,100.0,HAS DEPENDENTS,referenced by 2 field(s)
Zoom Meetings,Attendees,fldbkE5FL3vz8bM7H,multipleRecordLinks,2,0,0.0,HAS DEPENDENTS,referenced by 3 field(s)
Zoom Meetings,Create XP Events,fldAgk3A2TuUzPiIH,checkbox,2,0,0.0,HAS DEPENDENTS,referenced by 1 field(s)
Zoom Meetings,RecordId,fld5fWmgD4tNKQEfz,formula,2,2,100.0,HAS DEPENDENTS,referenced by 1 field(s)
Zoom Meetings,Zoom XP Current Signature,fldR6F73pNOboBQSL,formula,2,2,100.0,HAS DEPENDENTS,referenced by 1 field(s)
Zoom Meetings,Zoom XP Reconciliation Needed?,fldxpTxg5IJsfGzHU,formula,2,2,100.0,REPO REFERENCED,repo hits: airtable/automations/shooting-challenge/101-zoom-attendance-xp-award-meeting-xp.js
Zoom Meetings,Meeting Number,fldfKExgrR1hn7tAD,number,2,2,100.0,HAS DEPENDENTS,referenced by 1 field(s)
Zoom Meetings,Cover Media,fldnwVDJON3wbWNBv,multipleAttachments,2,2,100.0,REPO REFERENCED,"repo hits: web/lib/airtable/queries.ts, web/lib/data/zoom-meetings.ts, tools/airtable/_preview/c025_config_linkage_inspect.json"
Zoom Meetings,End Time,fldU3xfWq2zMkkFy1,dateTime,2,2,100.0,REPO REFERENCED,"repo hits: web/lib/airtable/queries.ts, web/lib/data/zoom-meetings.ts, tools/airtable/_preview/c025_config_linkage_inspect.json"
Zoom Meetings,Full Description,fldBtiHQCrY3wcK4C,richText,2,2,100.0,REPO REFERENCED,"repo hits: web/lib/airtable/queries.ts, web/lib/data/zoom-meetings.ts, web/lib/formatters/rich-text.test.ts"
Zoom Meetings,Brief Description,fldlPQPTUVK0DsB2B,richText,2,2,100.0,REPO REFERENCED,"repo hits: web/lib/airtable/homework-queries.test.ts, web/lib/airtable/homework-queries.ts, web/lib/airtable/public-athlete-homework-queries.ts"
Zoom Meetings,Zoom Link,fldCFoa7fVrAYdjaN,url,2,0,0.0,REPO REFERENCED,"repo hits: web/lib/airtable/queries.ts, web/lib/data/tutorials.test.ts, web/lib/data/zoom-meetings.ts"
Zoom Meetings,Host Name,fldAPtvKCXit7WCy2,singleLineText,2,2,100.0,REPO REFERENCED,"repo hits: web/lib/airtable/queries.ts, web/lib/data/zoom-meetings.ts, tools/airtable/_preview/c025_config_linkage_inspect.json"
Zoom Meetings,Host Email,flduo3ocrVlp64XsZ,email,2,2,100.0,REPO REFERENCED,"repo hits: tools/airtable/_preview/c025_config_linkage_inspect.json, tools/airtable/_preview/c025_inspect.json, tools/airtable/_preview/c025_stage17_prod_schema_manifest_source.json"
Zoom Meetings,Meeting Agenda,fldhLdcsIFYuz1bkL,multilineText,2,2,100.0,REPO REFERENCED,"repo hits: web/lib/airtable/queries.ts, web/lib/data/zoom-meetings.ts, tools/airtable/preview_final_email.py"
Zoom Meetings,Meeting Agenda Link,fldnPq1fkAIGriDws,url,2,0,0.0,REPO REFERENCED,"repo hits: web/lib/airtable/queries.ts, web/lib/data/zoom-meetings.ts, tools/airtable/_preview/c025_config_linkage_inspect.json"
Zoom Meetings,Meeting Agenda - Coach Version,fldZJPcOmryEzdoe0,multipleAttachments,2,0,0.0,REPO REFERENCED,"repo hits: tools/airtable/_preview/c025_config_linkage_inspect.json, tools/airtable/_preview/c025_inspect.json, tools/airtable/_preview/c025_stage17_prod_automation_prep_verify.json"
Zoom Meetings,Meeting Agenda - Coach Version URL,fldamJljzG2BWQ2Wp,url,2,0,0.0,REPO REFERENCED,"repo hits: tools/airtable/_preview/c025_config_linkage_inspect.json, tools/airtable/_preview/c025_inspect.json, tools/airtable/_preview/c025_stage17_prod_automation_prep_verify.json"
Zoom Meetings,Attachments,fld6O7SJQMOaQd3yZ,multipleAttachments,2,0,0.0,REPO REFERENCED,"repo hits: airtable/automations/shooting-challenge/006-submission-intake-and-asset-creation-set-video-count.js, airtable/automations/shooting-challenge/020-homework-link-or-create-homework-completion.js, airtable/automations/shooting-challenge/067-homework-link-or-create-completion-from-reflection-quiz.js"
Zoom Meetings,Recording Link - Video,fldzWw0SOOowFTZ59,url,2,0,0.0,REPO REFERENCED,"repo hits: airtable/automations/shooting-challenge/117-zoom-send-recording-approval-email-to-make.js, web/lib/airtable/queries.ts, web/lib/data/zoom-meetings.ts"
Zoom Meetings,Recording Link - Audio Only,fldzMktgMoknwCLEQ,url,2,0,0.0,REPO REFERENCED,"repo hits: web/lib/airtable/queries.ts, web/lib/data/zoom-meetings.ts, tools/airtable/_preview/c025_c027_s17_field_scan.json"
Zoom Meetings,Meeting Summary,fldbJ73oWBZ6hI120,multilineText,2,0,0.0,REPO REFERENCED,"repo hits: web/lib/airtable/queries.ts, web/lib/data/zoom-meetings.ts, tools/airtable/preview_final_email.py"
Zoom Meetings,XP Events,fld1pUDdnK1wWRfyg,multipleRecordLinks,2,0,0.0,HAS DEPENDENTS,referenced by 1 field(s)
Zoom Meetings,XP Award Status,fldvCIwwE5jOzAWhW,singleSelect,2,0,0.0,REPO REFERENCED,"repo hits: airtable/automations/shooting-challenge/010-submission-intake-create-xp-event.js, airtable/automations/shooting-challenge/054-achievements-and-milestones-streak-occurrences-create-or-repair-streak-xp-event.js, airtable/automations/shooting-challenge/058-achievements-and-milestones-create-perfect-week-unlock.js"
Zoom Meetings,Zoom Meeting Key,fldPM4rI6gDjYsTnB,formula,2,2,100.0,HAS DEPENDENTS,referenced by 1 field(s)
Zoom Meetings,Participant Count,fldybDOkOsevQTazd,count,2,2,100.0,REPO REFERENCED,"repo hits: tools/airtable/_preview/c025_config_linkage_inspect.json, tools/airtable/_preview/c025_inspect.json, tools/airtable/_preview/c025_stage17_orchestrator_fixtures.json"
Zoom Meetings,Zoom Attendance,fldoS4n9QlLaSQQTc,multipleRecordLinks,2,0,0.0,HAS DEPENDENTS,referenced by 1 field(s)
Zoom Meetings,Approval Email Enabled — Meeting Override,fld01gqndtqSnpSvp,singleSelect,2,0,0.0,HAS DEPENDENTS,referenced by 1 field(s)
Zoom Meetings,Approval Email Template Key — Meeting Override,fldYlWiiVdCdtAfR2,singleLineText,2,0,0.0,HAS DEPENDENTS,referenced by 1 field(s)
Zoom Meetings,Approval Email Timing — Meeting Override,fldxeD4uUyeNxDYUi,singleSelect,2,0,0.0,HAS DEPENDENTS,referenced by 1 field(s)
Zoom Meetings,Coach Approval Required — Meeting Override,fldUdD8ZiGIa13o5E,singleSelect,2,0,0.0,HAS DEPENDENTS,referenced by 1 field(s)
Zoom Meetings,Deadline Mode — Meeting Override,fldMLpStXxA5ZEq74,singleSelect,2,0,0.0,HAS DEPENDENTS,referenced by 1 field(s)
Zoom Meetings,Full Gate Credit — Meeting Override,fld1aPuI8nWJA0hIp,singleSelect,2,0,0.0,HAS DEPENDENTS,referenced by 1 field(s)
Zoom Meetings,Makeup Enabled — Meeting Override,fld2oH9sLpXuXSILw,singleSelect,2,0,0.0,HAS DEPENDENTS,referenced by 1 field(s)
Zoom Meetings,Makeup Window Days — Meeting Override,fldK9s7ZIhW9El5CP,number,2,0,0.0,HAS DEPENDENTS,referenced by 1 field(s)
Zoom Meetings,Perfect Week Credit — Meeting Override,fldhoJRjH4ykGd6lw,singleSelect,2,0,0.0,HAS DEPENDENTS,referenced by 1 field(s)
Zoom Meetings,Global Config,fldAewWMHpkmfFLpo,multipleRecordLinks,2,2,100.0,HAS DEPENDENTS,referenced by 11 field(s)
Zoom Meetings,Program Config,fldTTirGvXosYq2MO,multipleRecordLinks,2,2,100.0,HAS DEPENDENTS,referenced by 11 field(s)
Zoom Meetings,Global Config: Approval Email Enabled,fldiFRhrRGFxN2Lyr,multipleLookupValues,2,2,100.0,HAS DEPENDENTS,referenced by 1 field(s)
Zoom Meetings,Global Config: Approval Email Template Key,fldOHHKLEGhlNMwrx,rollup,2,2,100.0,HAS DEPENDENTS,referenced by 1 field(s)
Zoom Meetings,Global Config: Approval Email Timing,fldEADIMYzpIBlY4y,rollup,2,2,100.0,HAS DEPENDENTS,referenced by 1 field(s)
Zoom Meetings,Global Config: Coach Approval Required,fld4zNiFi6xGm5T0v,multipleLookupValues,2,2,100.0,HAS DEPENDENTS,referenced by 1 field(s)
Zoom Meetings,Global Config: Deadline Mode,fldK5jA3e7Jm5kQLm,rollup,2,2,100.0,HAS DEPENDENTS,referenced by 1 field(s)
Zoom Meetings,Global Config: Full Gate Credit,fldD5AdZ9Bt41mB5p,multipleLookupValues,2,2,100.0,HAS DEPENDENTS,referenced by 1 field(s)
Zoom Meetings,Global Config: Makeup Enabled,fldHNWqPFQ7cZZhVX,multipleLookupValues,2,2,100.0,HAS DEPENDENTS,referenced by 1 field(s)
Zoom Meetings,Global Config: Makeup Window Days,fldtHlGs5ejSv3ney,rollup,2,2,100.0,HAS DEPENDENTS,referenced by 1 field(s)
Zoom Meetings,Global Config: Perfect Week Credit,fldxSWNA4wW30KEYo,multipleLookupValues,2,2,100.0,HAS DEPENDENTS,referenced by 1 field(s)
Zoom Meetings,Global Config: Recording XP %,fldHxMkwl5DObKGwS,rollup,2,2,100.0,HAS DEPENDENTS,referenced by 1 field(s)
Zoom Meetings,Program Config: Approval Email Enabled,fldrOUCm41r4T4RJi,multipleLookupValues,2,2,100.0,HAS DEPENDENTS,referenced by 1 field(s)
Zoom Meetings,Program Config: Approval Email Template Key,fldv8QNgcAFVf4ruv,rollup,2,2,100.0,HAS DEPENDENTS,referenced by 1 field(s)
Zoom Meetings,Program Config: Approval Email Timing,fldK3g86JczsyeMS8,rollup,2,2,100.0,HAS DEPENDENTS,referenced by 1 field(s)
Zoom Meetings,Program Config: Coach Approval Required,fld0awXgLctBuhawY,multipleLookupValues,2,2,100.0,HAS DEPENDENTS,referenced by 1 field(s)
Zoom Meetings,Program Config: Deadline Mode,fldrTiPnaVbQQsc1K,rollup,2,2,100.0,HAS DEPENDENTS,referenced by 1 field(s)
Zoom Meetings,Program Config: Full Gate Credit,fldVpjgoSI9CjETo0,multipleLookupValues,2,2,100.0,HAS DEPENDENTS,referenced by 1 field(s)
Zoom Meetings,Program Config: Makeup Enabled,fldPBzc5YNxUG8Uvq,multipleLookupValues,2,2,100.0,HAS DEPENDENTS,referenced by 1 field(s)
Zoom Meetings,Program Config: Makeup Window Days,fld8zHEVDwZdXweHl,rollup,2,2,100.0,HAS DEPENDENTS,referenced by 1 field(s)
Zoom Meetings,Program Config: Perfect Week Credit,fldSCxkJopzQcvEdG,multipleLookupValues,2,2,100.0,HAS DEPENDENTS,referenced by 1 field(s)
Zoom Meetings,Program Config: Recording XP %,fld8XvAZiH7fTnRrm,rollup,2,2,100.0,HAS DEPENDENTS,referenced by 1 field(s)
Zoom Meetings,Recording Available At,fldtLEGQiichisPPy,dateTime,2,0,0.0,HAS DEPENDENTS,referenced by 1 field(s)
Zoom Meetings,Recording Quiz Attempt Number,fld4moGRu28I9Uv3A,number,2,0,0.0,REPO REFERENCED,"repo hits: tools/airtable/_preview/c025_c027_s17_field_scan.json, tools/airtable/_preview/c025_config_linkage_inspect.json, tools/airtable/_preview/c025_inspect.json"
Zoom Meetings,Recording Quiz Available?,fld0FZFqoJysT6t89,checkbox,2,0,0.0,REPO REFERENCED,"repo hits: tools/airtable/_preview/c025_c027_s17_field_scan.json, tools/airtable/_preview/c025_config_linkage_inspect.json, tools/airtable/_preview/c025_inspect.json"
Zoom Meetings,Recording Quiz Coach Feedback,fldfZR23Yod8Fcw5q,multilineText,2,0,0.0,REPO REFERENCED,"repo hits: tools/airtable/_preview/c025_c027_s17_field_scan.json, tools/airtable/_preview/c025_config_linkage_inspect.json, tools/airtable/_preview/c025_inspect.json"
Zoom Meetings,Recording Quiz Deadline,fldmyWOjzmcmxxQOY,dateTime,2,0,0.0,REPO REFERENCED,"repo hits: tools/airtable/_preview/c025_c027_s17_field_scan.json, tools/airtable/_preview/c025_config_linkage_inspect.json, tools/airtable/_preview/c025_config_linkage_verify_plan.json"
Zoom Meetings,Recording Quiz Response,fldST0XRwle8OEBkP,multilineText,2,0,0.0,REPO REFERENCED,"repo hits: tools/airtable/_preview/c025_c027_s17_field_scan.json, tools/airtable/_preview/c025_config_linkage_inspect.json, tools/airtable/_preview/c025_inspect.json"
Zoom Meetings,Recording Quiz Review Status,fld1AhkbyQGPmcNsZ,singleSelect,2,0,0.0,REPO REFERENCED,"repo hits: airtable/automations/shooting-challenge/042-levels-and-progression-assign-current-and-next-level-with-gate-blocking.js, airtable/automations/shooting-challenge/057-achievements-and-milestones-calculate-perfect-week-eligibility.js, airtable/automations/shooting-challenge/115-engineering-test-framework-run-testing-scenario-daily-submission.js"
Zoom Meetings,Recording Quiz Satisfactory?,fldYZNLn1SZ8QclIb,checkbox,2,0,0.0,REPO REFERENCED,"repo hits: airtable/automations/shooting-challenge/117-zoom-send-recording-approval-email-to-make.js, airtable/automations/shooting-challenge/drafts/sc-147-zoom-recording-half-xp.js, airtable/automations/shooting-challenge/_design-alternatives/stage17-modular-reference/117-zoom-recording-credit-orchestrator.js"
Zoom Meetings,Recording Quiz Submitted At,fldpV5xyibW1NZBpL,dateTime,2,0,0.0,REPO REFERENCED,"repo hits: airtable/automations/shooting-challenge/_design-alternatives/stage17-modular-reference/117-zoom-recording-credit-orchestrator.js, airtable/automations/shooting-challenge/_design-alternatives/stage17-modular-reference/117a-zoom-recording-normalize-recording-quiz-submission.js, tools/airtable/_tmp_c025_stage17_preflight.py"
Zoom Meetings,Recording URL,fldg12FdoOo0NV8T6,url,2,0,0.0,REPO REFERENCED,"repo hits: tools/airtable/_preview/c025_c027_s17_field_scan.json, tools/airtable/_preview/c025_config_linkage_inspect.json, tools/airtable/_preview/c025_inspect.json"
Zoom Meetings,Recording XP Percentage,fld2dkmHRv76xWZus,number,2,0,0.0,REPO REFERENCED,"repo hits: tools/airtable/_preview/c025_archive_rename_temp_fields.json, tools/airtable/_preview/c025_c027_s17_field_scan.json, tools/airtable/_preview/c025_checkbox_lookup_repair_verify.json"
Zoom Meetings,Recording XP Percentage — Meeting Override,fldHzKw0zO3iQwSOO,number,2,0,0.0,HAS DEPENDENTS,referenced by 1 field(s)
Zoom Meetings,Attendance Method,fldnHTpBSTyG5Rmkl,singleSelect,2,0,0.0,HAS DEPENDENTS,referenced by 1 field(s)
Zoom Meetings,Week End Date,fldjBaygYHcOvTRdB,multipleLookupValues,2,2,100.0,HAS DEPENDENTS,referenced by 1 field(s)
Zoom Meetings,Effective Recording Approval Email Enabled?,fldTG1sTUf2EVpna3,formula,2,2,100.0,REPO REFERENCED,"repo hits: tools/airtable/_c025_117f_probe_fixture_ids.py, tools/airtable/_preview/c025_archive_rename_temp_fields.json, tools/airtable/_preview/c025_c027_s17_field_scan.json"
Zoom Meetings,Effective Recording Approval Email Template Key,fldm8r0PmeLKyPfq3,formula,2,2,100.0,REPO REFERENCED,"repo hits: tools/airtable/_c025_117f_probe_fixture_ids.py, tools/airtable/_preview/c025_archive_rename_temp_fields.json, tools/airtable/_preview/c025_c027_s17_field_scan.json"
Zoom Meetings,Effective Recording Approval Email Timing,fldF4UdKxWWCS2q1S,formula,2,2,100.0,REPO REFERENCED,"repo hits: tools/airtable/_preview/c025_archive_rename_temp_fields.json, tools/airtable/_preview/c025_c027_s17_field_scan.json, tools/airtable/_preview/c025_checkbox_lookup_repair_verify.json"
Zoom Meetings,Effective Recording Counts for Level Gate?,fldai00UEtZa16tN9,formula,2,2,100.0,HAS DEPENDENTS,referenced by 1 field(s)
Zoom Meetings,Effective Recording Counts for Perfect Week?,fldzaIgnAmTXlejfO,formula,2,2,100.0,HAS DEPENDENTS,referenced by 1 field(s)
Zoom Meetings,Effective Recording Deadline Mode,fldC0U4Nq7jLhDIyN,formula,2,2,100.0,HAS DEPENDENTS,referenced by 2 field(s)
Zoom Meetings,Effective Recording Makeup Enabled?,fldSjZFWEpGdgHpu6,formula,2,2,100.0,HAS DEPENDENTS,referenced by 1 field(s)
Zoom Meetings,Effective Recording Makeup Window Days,fldEdiViERUUywft4,formula,2,2,100.0,HAS DEPENDENTS,referenced by 2 field(s)
Zoom Meetings,Effective Recording Quiz Requires Coach Approval?,fldgjTvSbwKGQJWOr,formula,2,2,100.0,HAS DEPENDENTS,referenced by 1 field(s)
Zoom Meetings,Effective Recording XP Percentage,fldtLRWKhIchCkJpc,formula,2,2,100.0,HAS DEPENDENTS,referenced by 1 field(s)
Zoom Meetings,Calculated Recording Quiz Deadline,fldwmP6xhdaFC3Ged,formula,2,0,0.0,HAS DEPENDENTS,referenced by 1 field(s)
Zoom Meetings,Approved Preconflict Pair Tags,fld1MeHaQyl4SXjxD,rollup,2,0,0.0,HAS DEPENDENTS,referenced by 1 field(s)
Zoom Meetings,Last Zoom XP Reconciled Signature,fldN8ObYVWOwptoIF,singleLineText,2,2,100.0,HAS DEPENDENTS,referenced by 1 field(s)
Zoom Meetings,Zoom XP Enrollment Signature - Lkp,fldttxtBTbGOfAUIB,multipleLookupValues,2,0,0.0,HAS DEPENDENTS,referenced by 1 field(s)
Zoom Meetings,Zoom XP Week Signature - Lkp,fldCSb6OtPz0prBmK,multipleLookupValues,2,2,100.0,HAS DEPENDENTS,referenced by 1 field(s)
Zoom Meetings,Zoom XP Event Signature - Lkp,fldxDQKJySP95xU1N,multipleLookupValues,2,0,0.0,HAS DEPENDENTS,referenced by 1 field(s)
Zoom Attendance,Id,fldXHFpB3MrOVevYL,autoNumber,2,2,100.0,REPO REFERENCED,repo hits: tools/airtable/_preview/c025_stage17_prod_zm_inventory.json
Zoom Attendance,Enrollment,fldWejgvFdZBXjx9c,multipleRecordLinks,2,2,100.0,HAS DEPENDENTS,referenced by 1 field(s)
Zoom Attendance,Global Config,fldcyYxLeonKdhhKn,multipleRecordLinks,2,1,50.0,HAS DEPENDENTS,referenced by 3 field(s)
Zoom Attendance,Zoom Meeting,fldH7CLQYdwFOduuk,multipleRecordLinks,2,0,0.0,HAS DEPENDENTS,referenced by 10 field(s)
Zoom Attendance,Attendance Method,fldVLhbecKJEVuK69,singleSelect,2,2,100.0,HAS DEPENDENTS,referenced by 6 field(s)
Zoom Attendance,Live Attendance Confirmed?,fldMoPqGdSDTiqykE,checkbox,2,2,100.0,HAS DEPENDENTS,referenced by 2 field(s)
Zoom Attendance,Zoom XP Amount,fldYwqPcCxo2GjTtG,formula,2,2,100.0,HAS DEPENDENTS,referenced by 1 field(s)
Zoom Attendance,RecordId,fldR4ZGicWxPad7I6,formula,2,2,100.0,REPO REFERENCED,"repo hits: airtable/automations/shooting-challenge/001-enrollment-intake-and-setup-find-or-create-athlete-and-link-enrollment.js, airtable/automations/shooting-challenge/002-enrollment-intake-and-setup-assign-grade-band-initial.js, airtable/automations/shooting-challenge/003-enrollment-intake-and-setup-assign-grade-band-if-grade-changes.js"
Zoom Attendance,Gate Credit Applied?,fld00CpouEPq7BNhl,checkbox,2,0,0.0,REPO REFERENCED,"repo hits: airtable/automations/shooting-challenge/042-levels-and-progression-assign-current-and-next-level-with-gate-blocking.js, airtable/automations/shooting-challenge/115-engineering-test-framework-run-testing-scenario-daily-submission.js, airtable/automations/shooting-challenge/lib/c025-stage17-etf-downstream.js"
Zoom Attendance,Normal Live Zoom XP,fldt5BlyrEjhKYcms,number,2,0,0.0,HAS DEPENDENTS,referenced by 1 field(s)
Zoom Attendance,Perfect Week Credit Applied?,fldqsCfrnHSlZbksg,checkbox,2,0,0.0,REPO REFERENCED,"repo hits: airtable/automations/shooting-challenge/057-achievements-and-milestones-calculate-perfect-week-eligibility.js, airtable/automations/shooting-challenge/115-engineering-test-framework-run-testing-scenario-daily-submission.js, airtable/automations/shooting-challenge/lib/c025-stage17-etf-downstream.js"
Zoom Attendance,Recording Approval Email Send Key,fldEt5Qix42jhBgd3,singleLineText,2,0,0.0,REPO REFERENCED,"repo hits: airtable/automations/shooting-challenge/_design-alternatives/stage17-modular-reference/117-zoom-recording-credit-orchestrator.js, tools/airtable/_c025_117f_probe_fixture_ids.py, tools/airtable/_tmp_c025_stage17_preflight.py"
Zoom Attendance,Recording Approval Email Sent At,fldSw6DeqwS7zLfCu,dateTime,2,0,0.0,REPO REFERENCED,"repo hits: airtable/automations/shooting-challenge/_design-alternatives/stage17-modular-reference/117-zoom-recording-credit-orchestrator.js, tools/airtable/_tmp_c025_stage17_preflight.py, tools/testing/ops_email_readiness_probe.mjs"
Zoom Attendance,Recording Quiz Attempt Number,fldl2JN3EjowcMMoI,number,2,0,0.0,REPO REFERENCED,"repo hits: tools/airtable/_preview/c025_c027_s17_field_scan.json, tools/airtable/_preview/c025_config_linkage_inspect.json, tools/airtable/_preview/c025_inspect.json"
Zoom Attendance,Recording Quiz Coach Feedback,fldP2w71LXOXFh1ee,multilineText,2,0,0.0,REPO REFERENCED,"repo hits: tools/airtable/_preview/c025_c027_s17_field_scan.json, tools/airtable/_preview/c025_config_linkage_inspect.json, tools/airtable/_preview/c025_inspect.json"
Zoom Attendance,Recording Quiz Correction Count,fldQu6T3UXzp6ijGf,number,2,0,0.0,REPO REFERENCED,"repo hits: airtable/automations/shooting-challenge/_design-alternatives/stage17-modular-reference/117-zoom-recording-credit-orchestrator.js, airtable/automations/shooting-challenge/_design-alternatives/stage17-modular-reference/117b-zoom-recording-coach-review-and-needs-correction-handling.js, tools/airtable/_tmp_c025_stage17_preflight.py"
Zoom Attendance,Recording Quiz Needs Correction At,fldIHnGVLar6vYmsD,dateTime,2,0,0.0,REPO REFERENCED,"repo hits: airtable/automations/shooting-challenge/_design-alternatives/stage17-modular-reference/117-zoom-recording-credit-orchestrator.js, airtable/automations/shooting-challenge/_design-alternatives/stage17-modular-reference/117b-zoom-recording-coach-review-and-needs-correction-handling.js, tools/airtable/_tmp_c025_stage17_preflight.py"
Zoom Attendance,Recording Quiz Response,fldrfsY6M4TMfqOAO,multilineText,2,0,0.0,REPO REFERENCED,"repo hits: tools/airtable/_preview/c025_c027_s17_field_scan.json, tools/airtable/_preview/c025_config_linkage_inspect.json, tools/airtable/_preview/c025_inspect.json"
Zoom Attendance,Recording Quiz Review Status,fldubXT8wpBSO4HrP,singleSelect,2,0,0.0,HAS DEPENDENTS,referenced by 2 field(s)
Zoom Attendance,Recording Quiz Reviewed At,fldcXbCgGAYwvCANB,dateTime,2,0,0.0,REPO REFERENCED,"repo hits: airtable/automations/shooting-challenge/_design-alternatives/stage17-modular-reference/117-zoom-recording-credit-orchestrator.js, airtable/automations/shooting-challenge/_design-alternatives/stage17-modular-reference/117b-zoom-recording-coach-review-and-needs-correction-handling.js, tools/airtable/_tmp_c025_stage17_preflight.py"
Zoom Attendance,Recording Quiz Satisfactory?,fld7pi4lBq4TZ7XRd,checkbox,2,0,0.0,HAS DEPENDENTS,referenced by 2 field(s)
Zoom Attendance,Recording Quiz Submitted At,fldv2ApRqUweylHjC,dateTime,2,0,0.0,REPO REFERENCED,"repo hits: airtable/automations/shooting-challenge/_design-alternatives/stage17-modular-reference/117-zoom-recording-credit-orchestrator.js, airtable/automations/shooting-challenge/_design-alternatives/stage17-modular-reference/117a-zoom-recording-normalize-recording-quiz-submission.js, tools/airtable/_tmp_c025_stage17_preflight.py"
Zoom Attendance,Global Config: Approval Email Enabled,fldRwSYvyQB82EmBj,multipleLookupValues,2,1,50.0,REPO REFERENCED,"repo hits: tools/airtable/_preview/c025_archive_rename_temp_fields.json, tools/airtable/_preview/c025_checkbox_lookup_repair_verify.json, tools/airtable/_preview/c025_checkbox_rollup_inventory.json"
Zoom Attendance,Global Config: Approval Email Template Key,fldp5gfwW73VLctFv,rollup,2,1,50.0,REPO REFERENCED,"repo hits: tools/airtable/_preview/c025_checkbox_lookup_repair_verify.json, tools/airtable/_preview/c025_checkbox_rollup_inventory.json, tools/airtable/_preview/c025_config_linkage_manifest.json"
Zoom Attendance,Global Config: Approval Email Timing,fldDDwSlGHxxnKzbI,rollup,2,1,50.0,REPO REFERENCED,"repo hits: tools/airtable/_preview/c025_checkbox_lookup_repair_verify.json, tools/airtable/_preview/c025_checkbox_rollup_inventory.json, tools/airtable/_preview/c025_config_linkage_manifest.json"
Zoom Attendance,Calculated Recording Quiz Deadline,flddty7qXtOU9Xp9y,multipleLookupValues,2,0,0.0,HAS DEPENDENTS,referenced by 2 field(s)
Zoom Attendance,Effective Recording Counts for Level Gate?,fld9jotdVZ4aTPgXU,multipleLookupValues,2,0,0.0,HAS DEPENDENTS,referenced by 2 field(s)
Zoom Attendance,Effective Recording Counts for Perfect Week?,fldCod0PS3dF434AK,multipleLookupValues,2,0,0.0,REPO REFERENCED,"repo hits: airtable/automations/shooting-challenge/057-achievements-and-milestones-calculate-perfect-week-eligibility.js, airtable/automations/shooting-challenge/115-engineering-test-framework-run-testing-scenario-daily-submission.js, airtable/automations/shooting-challenge/lib/c025-stage17-zoom-attendance.js"
Zoom Attendance,Effective Recording Deadline Mode,fldVrBiGzO413A3gL,multipleLookupValues,2,0,0.0,REPO REFERENCED,"repo hits: tools/airtable/_preview/c025_archive_rename_temp_fields.json, tools/airtable/_preview/c025_c027_s17_field_scan.json, tools/airtable/_preview/c025_checkbox_lookup_repair_verify.json"
Zoom Attendance,Effective Recording Makeup Enabled?,fldwFa2dHFPPNIw21,multipleLookupValues,2,0,0.0,HAS DEPENDENTS,referenced by 1 field(s)
Zoom Attendance,Effective Recording Makeup Window Days,fldP0jkVx92lMxJRI,multipleLookupValues,2,0,0.0,REPO REFERENCED,"repo hits: tools/airtable/_preview/c025_archive_rename_temp_fields.json, tools/airtable/_preview/c025_c027_s17_field_scan.json, tools/airtable/_preview/c025_checkbox_lookup_repair_verify.json"
Zoom Attendance,Effective Recording Quiz Requires Coach Approval?,fldN2CJ9PeiIzrlkG,multipleLookupValues,2,0,0.0,HAS DEPENDENTS,referenced by 2 field(s)
Zoom Attendance,Effective Recording XP Percentage,fldoNbDoPslmcqYtA,multipleLookupValues,2,0,0.0,HAS DEPENDENTS,referenced by 2 field(s)
Zoom Attendance,Enrollment RID,fldRgjQoEpwJZe48B,multipleLookupValues,2,2,100.0,HAS DEPENDENTS,referenced by 4 field(s)
Zoom Attendance,Zoom Meeting RID,fldqwFOPxPxJFYRdD,multipleLookupValues,2,0,0.0,HAS DEPENDENTS,referenced by 3 field(s)
Zoom Attendance,Zoom Credit Pre-Approved?,fldMMI9AAczoBN1EA,formula,2,2,100.0,HAS DEPENDENTS,referenced by 4 field(s)
Zoom Attendance,Preconflict Pair Tag,fldHGN2ILdr8JUI6H,formula,2,0,0.0,HAS DEPENDENTS,referenced by 1 field(s)
Zoom Attendance,Zoom Credit Key,fldQZPfW6xRcd0Ccw,formula,2,0,0.0,HAS DEPENDENTS,referenced by 1 field(s)
Zoom Attendance,Meeting Approved Preconflict Pair Tags,fldiTTAbPpR5RDfoV,multipleLookupValues,2,0,0.0,HAS DEPENDENTS,referenced by 1 field(s)
Zoom Attendance,Zoom Credit Conflict?,flduFM1TcM8HSLI7f,formula,2,2,100.0,HAS DEPENDENTS,referenced by 5 field(s)
Zoom Attendance,Zoom Credit Approved?,fldKqYetPbSwuPQLl,formula,2,2,100.0,HAS DEPENDENTS,referenced by 4 field(s)
Zoom Attendance,Zoom XP Percentage,fldiXwWcqYe9vmvvh,formula,2,2,100.0,HAS DEPENDENTS,referenced by 2 field(s)
Zoom Attendance,Zoom Gate Credit Earned?,fldYQcu7ACNBsLhbJ,formula,2,2,100.0,HAS DEPENDENTS,referenced by 1 field(s)
Zoom Attendance,Zoom Credit Debug,fldzScDCIQbTdKCyi,formula,2,2,100.0,REPO REFERENCED,"repo hits: airtable/automations/shooting-challenge/_design-alternatives/stage17-modular-reference/117-zoom-recording-credit-orchestrator.js, airtable/automations/shooting-challenge/_design-alternatives/stage17-modular-reference/117c-zoom-recording-create-zoom-xp-event.js, tools/airtable/_tmp_c025_stage17_preflight.py"
Zoom Attendance,Zoom Recording Quiz — Past Deadline (view marker),fldej7B5bxXpPwFGX,formula,2,2,100.0,REPO REFERENCED,repo hits: tools/airtable/_preview/c025_stage17_prod_batch_deploy.json
Testing Scenarios,Test Intake Name,fldIcGdI4M52M1Ibi,singleLineText,1,1,100.0,REPO REFERENCED,"repo hits: airtable/automations/shooting-challenge/115-engineering-test-framework-run-testing-scenario-daily-submission.js, tools/airtable/_c025_stage17_create_etf_scenario.py, tools/airtable/_c025_stage17_run_etf_live.py"
Testing Scenarios,RecordId - Testing Scenarios,fldGb1BSHLPOnQ8Ez,formula,1,1,100.0,REPO REFERENCED,repo hits: tools/airtable/_foundation_create_testing_scenarios.py
Testing Scenarios,Run Test?,fldTY7LvJ6NIgr7PW,checkbox,1,0,0.0,REPO REFERENCED,"repo hits: airtable/automations/shooting-challenge/115-engineering-test-framework-run-testing-scenario-daily-submission.js, airtable/automations/shooting-challenge/lib/c025-stage17-etf-downstream.test.js, tools/airtable/_c025_stage17_create_etf_scenario.py"
Testing Scenarios,Dry Run?,fld7zqxv1kmzR6thk,checkbox,1,0,0.0,REPO REFERENCED,"repo hits: airtable/automations/shooting-challenge/115-engineering-test-framework-run-testing-scenario-daily-submission.js, tools/airtable/_c025_stage17_create_etf_scenario.py, tools/airtable/_c025_stage17_run_etf_live.py"
Testing Scenarios,Scenario Type,fldXhmz4AgmdReg6f,singleSelect,1,1,100.0,REPO REFERENCED,"repo hits: airtable/automations/shooting-challenge/115-engineering-test-framework-run-testing-scenario-daily-submission.js, tools/airtable/_c025_stage17_create_etf_scenario.py, tools/airtable/_c025_stage17_run_etf_live.py"
Testing Scenarios,Test Status,fldCNT7uHAKVmIR2F,singleSelect,1,1,100.0,REPO REFERENCED,"repo hits: tools/airtable/_c025_stage17_create_etf_scenario.py, tools/airtable/_c025_stage17_reconcile_etf_result.py, tools/airtable/_c025_stage17_run_etf_live.py"
Testing Scenarios,Last Run Status,fldBssLQ1Ee0KJ4p2,singleSelect,1,1,100.0,REPO REFERENCED,"repo hits: airtable/automations/shooting-challenge/115-engineering-test-framework-run-testing-scenario-daily-submission.js, tools/airtable/_c025_stage17_create_etf_scenario.py, tools/airtable/_c025_stage17_reconcile_etf_result.py"
Testing Scenarios,Expected Result,fldmnzuKxkP3jen06,multilineText,1,1,100.0,REPO REFERENCED,"repo hits: tools/airtable/_c025_stage17_create_etf_scenario.py, tools/airtable/_c025_stage17_run_etf_live.py, tools/airtable/_foundation_create_testing_scenarios.py"
Testing Scenarios,Actual Result,fldoLnReefNPru8TP,multilineText,1,0,0.0,REPO REFERENCED,"repo hits: airtable/automations/shooting-challenge/115-engineering-test-framework-run-testing-scenario-daily-submission.js, tools/airtable/_c025_stage17_reconcile_etf_result.py, tools/airtable/_c025_stage17_run_etf_live.py"
Testing Scenarios,Pass/Fail Notes,fldxdmev80EhVlYPj,multilineText,1,0,0.0,REPO REFERENCED,"repo hits: airtable/automations/shooting-challenge/115-engineering-test-framework-run-testing-scenario-daily-submission.js, tools/airtable/_c025_stage17_reconcile_etf_result.py, tools/airtable/_c025_stage17_run_etf_live.py"
Testing Scenarios,Operator Feedback,fldJACFaDQn0DgULH,multilineText,1,0,0.0,REPO REFERENCED,repo hits: tools/airtable/_foundation_create_testing_scenarios.py
Testing Scenarios,Test Notes,fldMt8vhDdeSt663g,multilineText,1,1,100.0,REPO REFERENCED,"repo hits: tools/airtable/_c025_stage17_create_etf_scenario.py, tools/airtable/_c025_stage17_run_etf_live.py, tools/airtable/_foundation_create_testing_scenarios.py"
Testing Scenarios,Scenario Requirements,fldBW1zex1Upou0bj,multilineText,1,1,100.0,REPO REFERENCED,"repo hits: airtable/automations/shooting-challenge/115-engineering-test-framework-run-testing-scenario-daily-submission.js, tools/airtable/_c025_stage17_create_etf_scenario.py, tools/airtable/_c025_stage17_run_etf_live.py"
Testing Scenarios,Last Error,fldzCGDAvntjxq779,multilineText,1,0,0.0,REPO REFERENCED,"repo hits: airtable/automations/shooting-challenge/079-email-notifications-and-external-handoffs-send-queue-handoff-to-communications-hub.js, tools/airtable/_foundation_create_testing_scenarios.py, tools/season_simulation/constants.py"
Testing Scenarios,Submission Date,fld2yMXjfI545POgD,date,1,0,0.0,REPO REFERENCED,"repo hits: airtable/automations/shooting-challenge/020-homework-link-or-create-homework-completion.js, airtable/automations/shooting-challenge/053-achievements-and-milestones-streak-occurrences-rebuild-and-upsert-from-submissions.js, airtable/automations/shooting-challenge/064-homework-review-and-xp-prepare-homework-xp-award.js"
Testing Scenarios,Shot Total,fldkIPEdQ1YgATdMd,number,1,0,0.0,REPO REFERENCED,"repo hits: airtable/automations/shooting-challenge/115-engineering-test-framework-run-testing-scenario-daily-submission.js, tools/airtable/check_newcomer_status.py, tools/airtable/create_newcomer_submissions.py"
Testing Scenarios,Last Run At,fldzN3Pm8BNTMidtN,dateTime,1,0,0.0,REPO REFERENCED,"repo hits: airtable/automations/shooting-challenge/115-engineering-test-framework-run-testing-scenario-daily-submission.js, tools/airtable/_c025_stage17_reconcile_etf_result.py, tools/airtable/_c025_stage17_run_etf_live.py"
Testing Scenarios,Video Feedback Focus,fld4j6bew5of8qWOj,singleSelect,1,0,0.0,REPO REFERENCED,"repo hits: airtable/automations/shooting-challenge/115-engineering-test-framework-run-testing-scenario-daily-submission.js, tools/airtable/_foundation_create_testing_scenarios.py, tools/testing/tests/run_115_script.mjs"
Testing Scenarios,Video Feedback Question,fldfM9SXlRDVuhEZO,multilineText,1,0,0.0,REPO REFERENCED,"repo hits: airtable/automations/shooting-challenge/115-engineering-test-framework-run-testing-scenario-daily-submission.js, tools/airtable/_foundation_create_testing_scenarios.py, tools/testing/tests/run_115_script.mjs"
Testing Scenarios,Intake Attachments,fldcSy5TvSopTrcsb,multipleAttachments,1,0,0.0,REPO REFERENCED,"repo hits: airtable/automations/shooting-challenge/115-engineering-test-framework-run-testing-scenario-daily-submission.js, tools/airtable/_foundation_create_testing_scenarios.py, tools/testing/tests/run_115_script.mjs"
Testing Scenarios,Related Enrollment,fldsLK59kRvPvyf7O,multipleRecordLinks,1,0,0.0,REPO REFERENCED,"repo hits: airtable/automations/shooting-challenge/115-engineering-test-framework-run-testing-scenario-daily-submission.js, tools/airtable/_c025_stage17_create_etf_scenario.py, tools/airtable/_c025_stage17_run_etf_live.py"
Testing Scenarios,Linked Submission,fldZiI5E5577IABj8,multipleRecordLinks,1,0,0.0,REPO REFERENCED,"repo hits: airtable/automations/shooting-challenge/013-submission-intake-create-or-link-video-feedback.js, airtable/automations/shooting-challenge/020-homework-link-or-create-homework-completion.js, airtable/automations/shooting-challenge/071-email-notifications-and-external-handoffs-send-homework-feedback-email-webhook.js"
Testing Scenarios,Relevant Homework Completion,fldiskXwhSIpsXN5o,multipleRecordLinks,1,0,0.0,REPO REFERENCED,repo hits: tools/airtable/_foundation_create_testing_scenarios.py
Testing Scenarios,Homework Assignment,fldGKOHeXi1m2nWMo,multipleRecordLinks,1,0,0.0,REPO REFERENCED,"repo hits: airtable/automations/shooting-challenge/005-submission-intake-and-asset-creation-assign-week-to-submission-homework-first.js, airtable/automations/shooting-challenge/020-homework-link-or-create-homework-completion.js, airtable/automations/shooting-challenge/033-weekly-summary-and-goal-logic-assign-homework-to-weekly-athlete-summary.js"
Testing Scenarios,Created,fld9KNqUdHi35YEte,createdTime,1,1,100.0,ACTIVE / KEEP,100.00% populated
Payment Transactions,Payment Transaction,fldY4XR4YivvxOMJb,singleLineText,4,4,100.0,ACTIVE / KEEP,100.00% populated
Payment Transactions,Enrollment,fldOGk6OCgqYlRg2r,multipleRecordLinks,4,3,75.0,REPO REFERENCED,"repo hits: airtable/automations/shooting-challenge/001-enrollment-intake-and-setup-find-or-create-athlete-and-link-enrollment.js, airtable/automations/shooting-challenge/002-enrollment-intake-and-setup-assign-grade-band-initial.js, airtable/automations/shooting-challenge/003-enrollment-intake-and-setup-assign-grade-band-if-grade-changes.js"
Payment Transactions,Stripe Payment ID,fldnK7vafzEiWrkul,singleLineText,4,4,100.0,ACTIVE / KEEP,100.00% populated
Payment Transactions,Fillout Submission ID,fldf0dMIEEDt2edIh,singleLineText,4,4,100.0,ACTIVE / KEEP,100.00% populated
Payment Transactions,Actual Amount Paid,fld5S1vCq7bXY0dvP,currency,4,4,100.0,ACTIVE / KEEP,100.00% populated
Payment Transactions,Coupon Code,fldA4KVBewRIoa0Bh,singleLineText,4,2,50.0,ACTIVE / KEEP,50.00% populated
Payment Transactions,Payment Date,fldc2Wx5pnquQpZfp,dateTime,4,4,100.0,ACTIVE / KEEP,100.00% populated
Payment Transactions,Payment Status,fldBa4gTzuwaa1O2q,singleSelect,4,4,100.0,ACTIVE / KEEP,100.00% populated
Payment Transactions,Make Processed At,fldgWpqZgkbWuwutv,dateTime,4,4,100.0,ACTIVE / KEEP,100.00% populated
